Time,Inj Gas Meter Volume Instantaneous,Inj Gas Meter Volume Setpoint,Inj Gas Valve Percent Open
09/25/2024 12:00:00 am,993.0021499999996,,43.6407633333333
09/25/2024 12:02:00 am,979.919175,,43.4738
09/25/2024 12:04:00 am,976.15725,,
09/25/2024 12:06:00 am,963.7434,973.5,43.4738
09/25/2024 12:08:00 am,945.1983,,44.33266
09/25/2024 12:12:00 am,939.5445750000001,,49.359535
09/25/2024 12:14:00 am,965.904225,,51.36454
09/25/2024 12:16:00 am,971.64525,,
09/25/2024 12:18:00 am,968.4021,,
09/25/2024 12:20:00 am,971.53935,,
09/25/2024 12:22:00 am,982.6396500000001,,
09/25/2024 12:24:00 am,984.2779499999999,,
09/25/2024 12:26:00 am,990.134025,,
09/25/2024 12:28:00 am,989.2004999999999,,
09/25/2024 12:30:00 am,985.1145750000001,,
09/25/2024 12:32:00 am,986.9406000000001,,
09/25/2024 12:36:00 am,981.640725,,
09/25/2024 12:38:00 am,978.3714499999996,,
09/25/2024 12:40:00 am,980.8428000000001,,
09/25/2024 12:42:00 am,990.7325249999999,,
09/25/2024 12:44:00 am,1008.5922,,49.496275
09/25/2024 12:46:00 am,991.9346250000001,,43.57415
09/25/2024 12:48:00 am,990.3692249999999,,42.90965
09/25/2024 12:50:00 am,994.5682499999999,,42.53282
09/25/2024 12:52:00 am,978.54,,41.90619
09/25/2024 12:54:00 am,976.3628249999999,,
09/25/2024 12:56:00 am,984.3461249999999,,
09/25/2024 1:00:00 am,998.8773749999999,,41.73146
09/25/2024 1:02:00 am,971.7225499999995,,41.33042
09/25/2024 1:04:00 am,955.857975,973.5,41.33042
09/25/2024 1:06:00 am,938.265525,,45.23089
09/25/2024 1:08:00 am,952.373625,,49.03334
09/25/2024 1:10:00 am,946.55145,,49.42419
09/25/2024 1:12:00 am,967.1415499999995,,49.48221
09/25/2024 1:14:00 am,962.3699250000001,,
09/25/2024 1:16:00 am,960.7374,,
09/25/2024 1:18:00 am,961.57665,,
09/25/2024 1:22:00 am,964.696425,,
09/25/2024 1:24:00 am,961.83705,,
09/25/2024 1:26:00 am,964.17405,,
09/25/2024 1:28:00 am,968.9218999999996,,
09/25/2024 1:30:00 am,975.866925,,
09/25/2024 1:32:00 am,987.096225,,
09/25/2024 1:34:00 am,995.5518,,
09/25/2024 1:36:00 am,1019.7147,,45.197135
09/25/2024 1:38:00 am,989.45265,,41.35633
09/25/2024 1:40:00 am,994.84245,,41.016445
09/25/2024 1:42:00 am,997.5970500000001,,
09/25/2024 1:46:00 am,975.4921499999999,,40.54542
09/25/2024 1:48:00 am,965.0137999999995,,40.54542
09/25/2024 1:50:00 am,946.7855999999999,,41.6601
09/25/2024 1:52:00 am,940.743375,,47.092145
09/25/2024 1:54:00 am,951.4971,,48.43455
09/25/2024 1:56:00 am,962.7411,,48.92994
09/25/2024 1:58:00 am,950.7555499999995,,48.98735
09/25/2024 2:00:00 am,945.3059249999999,,49.24264
09/25/2024 2:02:00 am,964.949025,973.5,49.55396
09/25/2024 2:04:00 am,951.0108,,
09/25/2024 2:06:00 am,960.72165,,
09/25/2024 2:10:00 am,956.92725,,
09/25/2024 2:12:00 am,959.0305000000005,,
09/25/2024 2:14:00 am,961.7946000000001,,
09/25/2024 2:16:00 am,963.8643749999999,,
09/25/2024 2:18:00 am,995.847675,,49.00053
09/25/2024 2:20:00 am,1005.0579749999999,,43.23227
09/25/2024 2:22:00 am,990.6024499999996,,40.94181
09/25/2024 2:24:00 am,984.474,,40.43714
09/25/2024 2:26:00 am,999.9876,,
09/25/2024 2:28:00 am,981.8963249999999,,40.05625
09/25/2024 2:30:00 am,974.8107749999999,,
09/25/2024 2:34:00 am,961.6965749999999,,
09/25/2024 2:36:00 am,936.0509500000005,,43.614095
09/25/2024 2:38:00 am,948.8103000000001,,48.029065
09/25/2024 2:40:00 am,955.375875,,48.3807
09/25/2024 2:42:00 am,967.9130250000001,,49.00202
09/25/2024 2:44:00 am,960.2543249999999,,
09/25/2024 2:46:00 am,952.5198,,
09/25/2024 2:48:00 am,957.605475,,49.54052
09/25/2024 2:50:00 am,965.3522249999999,,49.54052
09/25/2024 2:52:00 am,950.0466000000001,,
09/25/2024 2:54:00 am,958.91595,,49.65779
09/25/2024 2:58:00 am,991.6725,,49.33394
09/25/2024 3:00:00 am,1001.5976500000005,,42.8169266666667
09/25/2024 3:02:00 am,990.667725,,40.651565
09/25/2024 3:04:00 am,993.53025,,40.21384
09/25/2024 3:06:00 am,974.46675,,39.761915
09/25/2024 3:08:00 am,984.636375,973.5,39.45704
09/25/2024 3:10:00 am,988.94955,,
09/25/2024 3:12:00 am,980.6391000000001,,
09/25/2024 3:14:00 am,966.4224,,
09/25/2024 3:16:00 am,973.338225,,
09/25/2024 3:18:00 am,987.34305,,
09/25/2024 3:22:00 am,985.1222250000001,,38.97168
09/25/2024 3:24:00 am,983.9773999999994,,38.77341
09/25/2024 3:26:00 am,992.4187499999999,,38.57514
09/25/2024 3:28:00 am,978.256725,,38.12199
09/25/2024 3:30:00 am,998.7213,,
09/25/2024 3:32:00 am,978.4764,,37.52829
09/25/2024 3:34:00 am,988.5590500000005,,
09/25/2024 3:36:00 am,996.434025,,
09/25/2024 3:38:00 am,987.3207749999999,,37.201055
09/25/2024 3:40:00 am,971.74035,,37.01516
09/25/2024 3:42:00 am,976.2969,,
09/25/2024 3:46:00 am,977.8383,,
09/25/2024 3:48:00 am,975.39165,,
09/25/2024 3:50:00 am,980.9238,,
09/25/2024 3:52:00 am,974.139225,,
09/25/2024 3:54:00 am,971.4927,,
09/25/2024 3:56:00 am,969.3629249999999,,
09/25/2024 3:58:00 am,964.5921000000001,973.5,37.01516
09/25/2024 4:00:00 am,959.1053999999999,,
09/25/2024 4:02:00 am,953.71065,973.5,
09/25/2024 4:04:00 am,947.1231,,37.07288
09/25/2024 4:08:00 am,940.2666750000001,,40.196215
09/25/2024 4:10:00 am,965.562375,,44.66326
09/25/2024 4:12:00 am,957.7729999999996,,
09/25/2024 4:14:00 am,954.2022000000001,,
09/25/2024 4:16:00 am,958.273725,,44.90638
09/25/2024 4:18:00 am,971.8202999999999,,44.98579
09/25/2024 4:20:00 am,965.3849250000001,,
09/25/2024 4:22:00 am,961.855425,,
09/25/2024 4:24:00 am,952.64655,,
09/25/2024 4:26:00 am,956.93265,,45.495345
09/25/2024 4:28:00 am,958.843275,,45.51978
09/25/2024 4:32:00 am,963.5574750000001,,45.94801
09/25/2024 4:34:00 am,960.14955,,46.48441
09/25/2024 4:36:00 am,946.90335,,
09/25/2024 4:38:00 am,958.9337249999999,,47.1352
09/25/2024 4:40:00 am,956.7870750000001,,47.52111
09/25/2024 4:42:00 am,954.833175,,47.52111
09/25/2024 4:44:00 am,958.629975,,47.96733
09/25/2024 4:46:00 am,955.1030250000001,,48.256115
09/25/2024 4:48:00 am,947.8493500000006,,48.50546
09/25/2024 4:50:00 am,970.976175,,48.89655
09/25/2024 4:52:00 am,969.23865,,
09/25/2024 4:56:00 am,971.6526000000001,,
09/25/2024 4:58:00 am,974.0004000000001,,
09/25/2024 5:00:00 am,978.830625,,48.89655
09/25/2024 5:02:00 am,984.39,973.5,
09/25/2024 5:04:00 am,985.8847499999999,973.5,
09/25/2024 5:06:00 am,985.9640999999999,,
09/25/2024 5:08:00 am,988.107975,,48.89655
09/25/2024 5:10:00 am,988.7430750000001,,
09/25/2024 5:12:00 am,988.5415499999999,,
09/25/2024 5:14:00 am,989.192325,,
09/25/2024 5:16:00 am,989.69955,,
09/25/2024 5:20:00 am,988.484325,,
09/25/2024 5:22:00 am,986.1547999999996,,
09/25/2024 5:24:00 am,987.6757500000001,,
09/25/2024 5:26:00 am,989.5254,,
09/25/2024 5:28:00 am,998.3898,,48.64171
09/25/2024 5:30:00 am,997.007475,,48.5106
09/25/2024 5:32:00 am,997.0604500000004,,48.3219066666667
09/25/2024 5:34:00 am,999.224775,,48.009325
09/25/2024 5:36:00 am,995.9742,,47.89304
09/25/2024 5:38:00 am,987.46335,,
09/25/2024 5:40:00 am,980.900025,,
09/25/2024 5:44:00 am,963.4434000000001,,
09/25/2024 5:46:00 am,955.5601999999994,,48.96462
09/25/2024 5:48:00 am,957.163575,,49.60387
09/25/2024 5:50:00 am,953.1401249999999,,
09/25/2024 5:52:00 am,955.7934,,
09/25/2024 5:54:00 am,963.6885750000001,,
09/25/2024 5:56:00 am,968.5369000000005,,
09/25/2024 5:58:00 am,976.66095,,
09/25/2024 6:00:00 am,981.620325,,
09/25/2024 6:02:00 am,981.4245000000001,973.5,49.60387
09/25/2024 6:04:00 am,984.726825,,49.60387
09/25/2024 6:08:00 am,989.75805,973.5,
09/25/2024 6:10:00 am,989.5567500000001,,
09/25/2024 6:12:00 am,988.8387,,
09/25/2024 6:14:00 am,989.1502499999999,,
09/25/2024 6:16:00 am,992.9779500000001,,
09/25/2024 6:18:00 am,1000.8797999999999,,49.1601
09/25/2024 6:20:00 am,1012.3874249999999,,41.71395
09/25/2024 6:22:00 am,985.3705499999999,,41.30147
09/25/2024 6:24:00 am,996.7774499999999,,41.13171
09/25/2024 6:26:00 am,971.556375,,41.01168
09/25/2024 6:30:00 am,965.808225,,
09/25/2024 6:32:00 am,963.6225,,
09/25/2024 6:34:00 am,954.8043,,41.39055
09/25/2024 6:36:00 am,934.3466249999999,,45.621875
09/25/2024 6:38:00 am,972.309225,,49.02043
09/25/2024 6:40:00 am,965.64015,,
09/25/2024 6:42:00 am,962.357925,,
09/25/2024 6:44:00 am,963.20265,,
09/25/2024 6:46:00 am,961.7433,,
09/25/2024 6:48:00 am,961.2450000000001,,
09/25/2024 6:50:00 am,956.3236499999999,,
09/25/2024 6:54:00 am,953.94165,,
09/25/2024 6:56:00 am,947.3320999999996,,49.07581
09/25/2024 6:58:00 am,955.7585250000001,,49.542055
09/25/2024 7:00:00 am,968.36835,973.5,49.59246
09/25/2024 7:02:00 am,973.3713,973.5,49.59246
09/25/2024 7:04:00 am,979.5798,,
09/25/2024 7:06:00 am,988.501875,,
09/25/2024 7:08:00 am,1000.1511499999995,,49.030855
09/25/2024 7:10:00 am,1003.9427250000001,,43.063995
09/25/2024 7:12:00 am,997.289925,,41.435475
09/25/2024 7:14:00 am,995.2526250000001,,41.3269
09/25/2024 7:18:00 am,988.37175,,40.85503
09/25/2024 7:20:00 am,989.98215,,40.51906
09/25/2024 7:22:00 am,985.9228499999999,,
09/25/2024 7:24:00 am,981.4158,,
09/25/2024 7:26:00 am,960.6975,,
09/25/2024 7:28:00 am,943.34835,,40.68579
09/25/2024 7:30:00 am,948.07335,,47.99127
09/25/2024 7:32:00 am,963.07545,,48.40833
09/25/2024 7:34:00 am,956.610825,,
09/25/2024 7:36:00 am,954.68595,,
09/25/2024 7:38:00 am,951.413625,,
09/25/2024 7:42:00 am,949.0676250000001,,
09/25/2024 7:44:00 am,949.6514999999999,,48.7861666666667
09/25/2024 7:46:00 am,954.9984000000001,,
09/25/2024 7:48:00 am,962.9884500000001,,
09/25/2024 7:50:00 am,965.0315249999999,,
09/25/2024 7:52:00 am,966.608925,,
09/25/2024 7:54:00 am,994.3031249999999,,47.66522
09/25/2024 7:56:00 am,989.5713000000001,,40.4492
09/25/2024 7:58:00 am,984.4802999999999,,39.97613
09/25/2024 8:00:00 am,993.7719,973.5,39.97613
09/25/2024 8:02:00 am,975.5437499999999,,39.41235
09/25/2024 8:06:00 am,970.9998,,
09/25/2024 8:08:00 am,960.3494500000006,973.5,39.41235
09/25/2024 8:10:00 am,933.5207250000001,,41.876935
09/25/2024 8:12:00 am,954.75015,,47.58469
09/25/2024 8:14:00 am,960.7897500000001,,47.86581
09/25/2024 8:16:00 am,947.526075,,48.24874
09/25/2024 8:18:00 am,961.8277999999995,,48.30227
09/25/2024 8:20:00 am,960.663,,
09/25/2024 8:22:00 am,961.897575,,
09/25/2024 8:24:00 am,962.16585,,
09/25/2024 8:26:00 am,963.7331999999999,,
09/25/2024 8:30:00 am,957.3383249999999,,
09/25/2024 8:32:00 am,968.4984000000001,,
09/25/2024 8:34:00 am,1004.5281,,47.32507
09/25/2024 8:36:00 am,986.5116,,40.37885
09/25/2024 8:38:00 am,997.4490000000001,,40.06433
09/25/2024 8:40:00 am,1003.6460999999999,,39.31311
09/25/2024 8:42:00 am,984.8553499999996,,39.08484
09/25/2024 8:44:00 am,1000.9280249999999,,38.91028
09/25/2024 8:46:00 am,973.39815,,38.69128
09/25/2024 8:48:00 am,964.383,,
09/25/2024 8:52:00 am,952.8140999999999,,
09/25/2024 8:54:00 am,955.6705999999995,,
09/25/2024 8:56:00 am,971.6036250000001,,
09/25/2024 8:58:00 am,976.39395,973.5,38.69128
09/25/2024 9:00:00 am,988.17645,,
09/25/2024 9:02:00 am,977.4718500000001,,38.15172
09/25/2024 9:04:00 am,996.1084500000001,,38.15172
09/25/2024 9:06:00 am,978.293175,973.5,37.58723
09/25/2024 9:08:00 am,1002.1743000000001,,
09/25/2024 9:10:00 am,980.8324499999999,,36.96108
09/25/2024 9:12:00 am,990.7529999999999,,
09/25/2024 9:16:00 am,995.36085,,
09/25/2024 9:18:00 am,976.6448500000004,,36.6369733333333
09/25/2024 9:20:00 am,970.6606499999999,,
09/25/2024 9:22:00 am,971.4623250000001,,
09/25/2024 9:24:00 am,971.3052749999999,,
09/25/2024 9:26:00 am,969.4346250000001,,
09/25/2024 9:28:00 am,969.7947,,
09/25/2024 9:30:00 am,967.13295,,
09/25/2024 9:32:00 am,964.43745,,
09/25/2024 9:34:00 am,961.6521,,
09/25/2024 9:36:00 am,958.65975,,
09/25/2024 9:40:00 am,945.50505,,
09/25/2024 9:42:00 am,937.0360499999999,,41.20301
09/25/2024 9:44:00 am,961.1222250000001,,44.04108
09/25/2024 9:46:00 am,964.8419999999999,,
09/25/2024 9:48:00 am,956.2762500000001,,
09/25/2024 9:50:00 am,958.52235,,
09/25/2024 9:52:00 am,952.583475,,
09/25/2024 9:54:00 am,955.0666000000004,,44.352755
09/25/2024 9:56:00 am,966.254775,,44.60205
09/25/2024 9:58:00 am,953.92125,,
09/25/2024 10:00:00 am,969.08205,,44.9224
09/25/2024 10:04:00 am,957.22425,973.5,44.9224
09/25/2024 10:06:00 am,970.1149499999999,,45.47541
09/25/2024 10:08:00 am,952.87095,,45.47541
09/25/2024 10:10:00 am,961.92375,,45.95532
09/25/2024 10:12:00 am,974.6048999999999,,46.50517
09/25/2024 10:14:00 am,944.3814,,
09/25/2024 10:16:00 am,946.44135,,47.356785
09/25/2024 10:18:00 am,951.5116499999999,,47.91013
09/25/2024 10:20:00 am,946.5118499999999,,48.43082
09/25/2024 10:22:00 am,955.394625,,48.99371
09/25/2024 10:24:00 am,954.823425,,49.56566
09/25/2024 10:28:00 am,946.092375,,50.02447
09/25/2024 10:30:00 am,952.1745000000001,,50.04734
09/25/2024 10:32:00 am,964.8543750000001,,50.42852
09/25/2024 10:34:00 am,962.948175,,
09/25/2024 10:36:00 am,969.5504999999999,,
09/25/2024 10:38:00 am,972.3602999999999,,
09/25/2024 10:40:00 am,970.89675,,
09/25/2024 10:42:00 am,975.3236999999999,,
09/25/2024 10:44:00 am,973.2966000000001,,
09/25/2024 10:46:00 am,977.9096999999999,,
09/25/2024 10:48:00 am,978.567075,,
09/25/2024 10:52:00 am,972.7797,,
09/25/2024 10:54:00 am,966.9170500000005,,
09/25/2024 10:56:00 am,969.3897750000001,,
09/25/2024 10:58:00 am,968.0199,973.5,50.42852
09/25/2024 11:00:00 am,967.0524,,
09/25/2024 11:02:00 am,970.8739499999999,,
09/25/2024 11:04:00 am,974.0145,,50.42852
09/25/2024 11:06:00 am,982.9532999999999,973.5,
09/25/2024 11:08:00 am,983.3355,,
09/25/2024 11:10:00 am,978.4988999999999,,
09/25/2024 11:14:00 am,967.43265,,
09/25/2024 11:16:00 am,950.9082000000001,,
09/25/2024 11:18:00 am,945.04845,,51.02761
09/25/2024 11:20:00 am,959.7021,,51.94961
09/25/2024 11:22:00 am,952.49445,,52.46282
09/25/2024 11:24:00 am,953.91705,,52.86201
09/25/2024 11:26:00 am,964.96725,,53.23848
09/25/2024 11:28:00 am,965.079,,
09/25/2024 11:30:00 am,966.6939,,
09/25/2024 11:32:00 am,975.690525,,
09/25/2024 11:34:00 am,997.9713750000001,,53.17325
09/25/2024 11:38:00 am,1009.758225,,48.89349
09/25/2024 11:40:00 am,985.4419500000001,,45.5679933333333
09/25/2024 11:42:00 am,978.8343749999999,,
09/25/2024 11:44:00 am,962.97405,,
09/25/2024 11:46:00 am,944.4040500000001,,
09/25/2024 11:48:00 am,932.2830000000001,,51.14122
09/25/2024 11:50:00 am,942.1092000000001,,53.51492
09/25/2024 11:52:00 am,961.1077500000001,,54.51378
09/25/2024 11:54:00 am,945.8814,,54.93847
09/25/2024 11:56:00 am,950.8089,,55.35041
09/25/2024 11:58:00 am,961.2036,,55.75457
09/25/2024 12:02:00 pm,961.7711999999999,973.5,55.75457
09/25/2024 12:04:00 pm,989.5459500000001,,55.75457
09/25/2024 12:06:00 pm,987.51675,,
09/25/2024 12:08:00 pm,970.4604750000001,973.5,
09/25/2024 12:10:00 pm,948.6056249999999,,56.74743
09/25/2024 12:12:00 pm,945.1396500000001,,58.15524
09/25/2024 12:14:00 pm,947.6798500000004,,60.7138833333333
09/25/2024 12:16:00 pm,938.6427,,65.49777
09/25/2024 12:18:00 pm,945.9873,,67.6394
09/25/2024 12:20:00 pm,950.3187,,69.17908
09/25/2024 12:22:00 pm,945.1086,,70.19323
09/25/2024 12:26:00 pm,946.3720500000001,,71.22374
09/25/2024 12:28:00 pm,945.5547000000001,,72.45586
09/25/2024 12:30:00 pm,940.99515,,74.84727
09/25/2024 12:32:00 pm,939.9756,,76.56638
09/25/2024 12:34:00 pm,944.3199,,77.99976
09/25/2024 12:36:00 pm,940.67925,,79.20847
09/25/2024 12:38:00 pm,939.7749000000001,,81.80687
09/25/2024 12:40:00 pm,917.6866500000001,,89.795385
09/25/2024 12:42:00 pm,904.9257,,98.7936
09/25/2024 12:44:00 pm,886.718175,,100.0
09/25/2024 12:46:00 pm,871.1172000000001,,
09/25/2024 12:50:00 pm,900.59175,,
09/25/2024 12:52:00 pm,1021.8456000000001,,95.222145
09/25/2024 12:54:00 pm,1033.50435,,69.82089
09/25/2024 12:56:00 pm,1020.4311,,62.6885
09/25/2024 12:58:00 pm,1007.43975,,57.88843
09/25/2024 1:00:00 pm,1004.3045999999999,,55.99424
09/25/2024 1:02:00 pm,996.8282999999999,973.5,54.76995
09/25/2024 1:04:00 pm,980.2719,973.5,54.32618
09/25/2024 1:06:00 pm,986.4112499999999,,54.32618
09/25/2024 1:08:00 pm,995.20245,,53.68217
09/25/2024 1:10:00 pm,992.20335,,
09/25/2024 1:14:00 pm,964.2537750000001,,
09/25/2024 1:16:00 pm,948.20805,,54.92176
09/25/2024 1:18:00 pm,947.485875,,60.89512
09/25/2024 1:20:00 pm,955.1783249999999,,61.7218
09/25/2024 1:22:00 pm,962.5157999999999,,
09/25/2024 1:24:00 pm,957.40755,,
09/25/2024 1:26:00 pm,971.618925,,
09/25/2024 1:28:00 pm,978.45105,,
09/25/2024 1:30:00 pm,977.6135999999999,,
09/25/2024 1:32:00 pm,975.3306,,
09/25/2024 1:36:00 pm,974.28135,,
09/25/2024 1:38:00 pm,966.0615,,
09/25/2024 1:40:00 pm,982.90875,,
09/25/2024 1:42:00 pm,1011.24795,,61.11403
09/25/2024 1:44:00 pm,998.14095,,52.43797
09/25/2024 1:46:00 pm,999.1594500000001,,50.72836
09/25/2024 1:48:00 pm,995.4432750000001,,49.04762
09/25/2024 1:50:00 pm,995.0071999999994,,48.1508466666667
09/25/2024 1:52:00 pm,995.371725,,47.39941
09/25/2024 1:54:00 pm,995.0308499999999,,46.93727
09/25/2024 1:56:00 pm,1006.24065,,45.91031
09/25/2024 2:00:00 pm,993.2112,973.5,45.38277
09/25/2024 2:02:00 pm,980.6518500000001,,44.94835
09/25/2024 2:04:00 pm,957.25665,973.5,44.94835
09/25/2024 2:06:00 pm,928.19025,,48.54145
09/25/2024 2:08:00 pm,956.05665,,53.25129
09/25/2024 2:10:00 pm,951.9635999999999,,53.88882
09/25/2024 2:12:00 pm,953.93805,,54.50022
09/25/2024 2:14:00 pm,949.54365,,54.92726
09/25/2024 2:16:00 pm,951.9556500000001,,55.4236
09/25/2024 2:18:00 pm,940.0622250000001,,55.86365
09/25/2024 2:24:00 pm,947.57625,,56.681735
09/25/2024 2:26:00 pm,956.0643,,57.28461
09/25/2024 2:28:00 pm,963.61905,,
09/25/2024 2:30:00 pm,963.0369,,
09/25/2024 2:32:00 pm,950.98785,,57.45711
09/25/2024 2:34:00 pm,959.92515,,
09/25/2024 2:36:00 pm,1007.0652,,56.67802
09/25/2024 2:38:00 pm,988.3523250000001,,48.32638
09/25/2024 2:40:00 pm,998.0015999999999,,47.39911
09/25/2024 2:42:00 pm,984.4953,,46.85706
09/25/2024 2:44:00 pm,983.7292499999999,,
09/25/2024 2:48:00 pm,970.3059,,
09/25/2024 2:50:00 pm,923.7225000000001,,49.6437
09/25/2024 2:52:00 pm,956.93745,,55.75013
09/25/2024 2:54:00 pm,943.6275,,57.30664
09/25/2024 2:56:00 pm,954.693675,,59.450515
09/25/2024 2:58:00 pm,947.259,,60.41544
09/25/2024 3:00:00 pm,948.0763499999999,973.5,61.050265
09/25/2024 3:02:00 pm,953.09235,973.5,61.70644
09/25/2024 3:04:00 pm,962.3176500000001,,
09/25/2024 3:06:00 pm,978.9820500000001,,61.70644
09/25/2024 3:08:00 pm,985.66305,,
09/25/2024 3:12:00 pm,1006.7869499999999,,59.4217
09/25/2024 3:14:00 pm,1001.405475,,54.083215
09/25/2024 3:16:00 pm,1000.53855,,51.83523
09/25/2024 3:18:00 pm,991.90905,,49.32742
09/25/2024 3:20:00 pm,998.2203,,47.86302
09/25/2024 3:22:00 pm,993.98115,,46.84406
09/25/2024 3:24:00 pm,986.2161,,45.82816
09/25/2024 3:26:00 pm,990.7374,,45.41258
09/25/2024 3:28:00 pm,994.7374500000001,,45.33151
09/25/2024 3:30:00 pm,973.7447999999999,,
09/25/2024 3:32:00 pm,938.465925,,47.72855
09/25/2024 3:36:00 pm,958.8189,,53.91525
09/25/2024 3:38:00 pm,956.74305,,54.89444
09/25/2024 3:40:00 pm,964.0053,,56.38873
09/25/2024 3:42:00 pm,949.7268,,57.44526
09/25/2024 3:44:00 pm,955.1865,,58.90839
09/25/2024 3:46:00 pm,959.2312499999999,,59.94148
09/25/2024 3:48:00 pm,950.5068,,61.185805
09/25/2024 3:50:00 pm,972.66915,,62.23649
09/25/2024 3:52:00 pm,1025.2422000000001,,60.7154
09/25/2024 3:54:00 pm,998.7084,,51.75084
09/25/2024 3:58:00 pm,993.67395,,50.3589
09/25/2024 4:00:00 pm,1006.9636499999999,,48.96305
09/25/2024 4:02:00 pm,1001.07465,973.5,47.88878
09/25/2024 4:04:00 pm,1003.2678,,46.53432
09/25/2024 4:06:00 pm,993.1095,973.5,45.65664
09/25/2024 4:08:00 pm,993.2655,,45.49575
09/25/2024 4:10:00 pm,988.767525,,
09/25/2024 4:12:00 pm,980.57625,,
09/25/2024 4:14:00 pm,980.892,,
09/25/2024 4:16:00 pm,983.52225,,44.97548
09/25/2024 4:18:00 pm,1008.3192,,44.55972
09/25/2024 4:22:00 pm,999.6025500000001,,44.33666
09/25/2024 4:24:00 pm,987.93435,,43.57987
09/25/2024 4:26:00 pm,986.1775499999999,,42.86654
09/25/2024 4:28:00 pm,985.5695999999999,,42.47328
09/25/2024 4:30:00 pm,980.9667,,41.8392
09/25/2024 4:32:00 pm,986.9076,,41.33879
09/25/2024 4:34:00 pm,980.87235,,40.898
09/25/2024 4:36:00 pm,973.1943,,40.44276
09/25/2024 4:38:00 pm,987.2741250000001,,40.37109
09/25/2024 4:40:00 pm,994.099725,,40.302145
09/25/2024 4:42:00 pm,976.2740249999999,,40.01635
09/25/2024 4:46:00 pm,979.0315499999999,,
09/25/2024 4:48:00 pm,986.5642500000001,,
09/25/2024 4:50:00 pm,980.4825,,
09/25/2024 4:52:00 pm,994.9116,,
09/25/2024 4:54:00 pm,992.03325,,
09/25/2024 4:56:00 pm,991.24125,,
09/25/2024 4:58:00 pm,992.0720249999999,,39.909765
09/25/2024 5:00:00 pm,990.7296,973.5,
09/25/2024 5:02:00 pm,983.6709000000001,,39.80433
09/25/2024 5:04:00 pm,983.3974499999999,,
09/25/2024 5:06:00 pm,975.56805,973.5,
09/25/2024 5:10:00 pm,974.9145,,
09/25/2024 5:12:00 pm,969.5034,,
09/25/2024 5:14:00 pm,976.446225,,
09/25/2024 5:16:00 pm,967.123875,,
09/25/2024 5:18:00 pm,974.4547499999999,,
09/25/2024 5:20:00 pm,966.69525,,
09/25/2024 5:22:00 pm,965.5780500000001,,
09/25/2024 5:24:00 pm,968.3715,,
09/25/2024 5:26:00 pm,951.74775,,
09/25/2024 5:28:00 pm,929.66355,,43.38809
09/25/2024 5:30:00 pm,972.6576,,47.94455
09/25/2024 5:34:00 pm,948.7281,,
09/25/2024 5:36:00 pm,949.737975,,48.662375
09/25/2024 5:38:00 pm,949.49985,,49.57201
09/25/2024 5:40:00 pm,944.9748,,49.95243
09/25/2024 5:42:00 pm,955.4373,,50.8427
09/25/2024 5:44:00 pm,959.6757,,51.40107
09/25/2024 5:46:00 pm,954.7482,,
09/25/2024 5:48:00 pm,954.5396999999999,,
09/25/2024 5:50:00 pm,959.98155,,
09/25/2024 5:52:00 pm,964.83465,,
09/25/2024 5:54:00 pm,973.36005,,
09/25/2024 5:58:00 pm,985.8459,,
09/25/2024 6:00:00 pm,989.7615000000001,,
09/25/2024 6:02:00 pm,995.78115,973.5,51.40107
09/25/2024 6:04:00 pm,996.60195,973.5,
09/25/2024 6:06:00 pm,1002.30315,,50.04276
09/25/2024 6:08:00 pm,1005.5271,,44.23593
09/25/2024 6:10:00 pm,990.6477750000001,,43.748035
09/25/2024 6:12:00 pm,996.97575,,
09/25/2024 6:14:00 pm,979.13565,,43.46819
09/25/2024 6:16:00 pm,984.6738,,
09/25/2024 6:18:00 pm,991.8351,,
09/25/2024 6:22:00 pm,990.9079999999994,,
09/25/2024 6:24:00 pm,994.24125,,
09/25/2024 6:26:00 pm,998.6510999999999,,43.40698
09/25/2024 6:28:00 pm,993.10935,,43.24228
09/25/2024 6:30:00 pm,997.5695999999999,,43.03986
09/25/2024 6:32:00 pm,973.4028000000001,,
09/25/2024 6:34:00 pm,955.3661999999999,,
09/25/2024 6:36:00 pm,944.3034,,45.05212
09/25/2024 6:38:00 pm,962.922,,50.77929
09/25/2024 6:40:00 pm,953.18325,,
09/25/2024 6:44:00 pm,957.8752499999999,,
09/25/2024 6:46:00 pm,959.2287000000001,,
09/25/2024 6:48:00 pm,961.59285,,
09/25/2024 6:50:00 pm,958.932,,
09/25/2024 6:52:00 pm,960.89445,,
09/25/2024 6:54:00 pm,960.3173999999999,,
09/25/2024 6:56:00 pm,959.6757,,
09/25/2024 6:58:00 pm,948.981675,,
09/25/2024 7:00:00 pm,969.84225,973.5,51.37616
09/25/2024 7:02:00 pm,963.6921,,
09/25/2024 7:04:00 pm,957.2688,973.5,51.37616
09/25/2024 7:08:00 pm,951.3534,,
09/25/2024 7:10:00 pm,948.3204000000001,,
09/25/2024 7:12:00 pm,950.4017999999999,,51.43386
09/25/2024 7:14:00 pm,952.09095,,
09/25/2024 7:16:00 pm,958.7715000000001,,
09/25/2024 7:18:00 pm,975.46335,,
09/25/2024 7:20:00 pm,1001.98305,,
09/25/2024 7:22:00 pm,993.6501000000001,,43.46866
09/25/2024 7:24:00 pm,991.5291,,
09/25/2024 7:26:00 pm,972.73035,,
09/25/2024 7:28:00 pm,961.9364249999999,,
09/25/2024 7:32:00 pm,948.791025,,44.07829
09/25/2024 7:34:00 pm,938.6142749999999,,50.33297
09/25/2024 7:36:00 pm,945.0464999999999,,
09/25/2024 7:38:00 pm,954.69825,,52.10838
09/25/2024 7:40:00 pm,948.8650499999999,,52.16441
09/25/2024 7:42:00 pm,950.4033000000001,,
09/25/2024 7:44:00 pm,965.24325,,52.43762
09/25/2024 7:46:00 pm,957.45795,,
09/25/2024 7:48:00 pm,956.6058,,
09/25/2024 7:50:00 pm,956.75505,,
09/25/2024 7:52:00 pm,964.0353,,
09/25/2024 7:56:00 pm,967.665,,
09/25/2024 7:58:00 pm,961.266825,973.5,
09/25/2024 8:00:00 pm,958.9747500000001,,
09/25/2024 8:02:00 pm,957.9426000000001,,52.43762
09/25/2024 8:04:00 pm,960.7941000000001,,
09/25/2024 8:06:00 pm,961.5279,973.5,
09/25/2024 8:08:00 pm,981.496575,,52.43762
09/25/2024 8:10:00 pm,1014.0903000000001,,49.38886
09/25/2024 8:12:00 pm,984.07185,,44.38475
09/25/2024 8:14:00 pm,989.88465,,43.85215
09/25/2024 8:16:00 pm,989.5368,,43.4253
09/25/2024 8:20:00 pm,978.39135,,43.02952
09/25/2024 8:22:00 pm,999.08415,,42.96113
09/25/2024 8:24:00 pm,973.99185,,42.46727
09/25/2024 8:26:00 pm,991.4964,,
09/25/2024 8:28:00 pm,991.0713000000001,,
09/25/2024 8:30:00 pm,965.93205,,
09/25/2024 8:32:00 pm,947.7874999999995,,43.40928
09/25/2024 8:34:00 pm,945.5022749999999,,48.44094
09/25/2024 8:36:00 pm,951.75555,,50.08093
09/25/2024 8:38:00 pm,947.0350500000001,,
09/25/2024 8:40:00 pm,948.2769000000001,,
09/25/2024 8:44:00 pm,945.75765,,
09/25/2024 8:46:00 pm,950.0600999999999,,
09/25/2024 8:48:00 pm,956.9068500000001,,
09/25/2024 8:50:00 pm,952.1732999999999,,
09/25/2024 8:52:00 pm,950.2679999999999,,
09/25/2024 8:54:00 pm,967.4486999999999,,50.4739
09/25/2024 8:56:00 pm,963.2624999999999,,
09/25/2024 8:58:00 pm,958.815,973.5,50.4739
09/25/2024 9:00:00 pm,963.1109999999999,,
09/25/2024 9:02:00 pm,967.173,,
09/25/2024 9:06:00 pm,975.3273,,50.4739
09/25/2024 9:08:00 pm,986.908125,973.5,
09/25/2024 9:10:00 pm,1000.388625,,
09/25/2024 9:12:00 pm,1014.2855999999999,,44.08267
09/25/2024 9:14:00 pm,997.0252499999999,,42.45428
09/25/2024 9:16:00 pm,981.4356,,41.91005
09/25/2024 9:18:00 pm,988.2112500000001,,
09/25/2024 9:20:00 pm,973.7589,,
09/25/2024 9:22:00 pm,941.53395,,42.59198
09/25/2024 9:24:00 pm,960.8875499999999,,49.95797
09/25/2024 9:26:00 pm,958.5016499999999,,50.49252
09/25/2024 9:30:00 pm,954.63975,,50.91359
09/25/2024 9:32:00 pm,947.2416000000001,,51.28741
09/25/2024 9:34:00 pm,964.0191,,51.35355
09/25/2024 9:36:00 pm,952.59375,,
09/25/2024 9:38:00 pm,946.9746,,51.78686
09/25/2024 9:40:00 pm,966.595125,,51.99574
09/25/2024 9:42:00 pm,964.8041250000001,,
09/25/2024 9:44:00 pm,959.0187000000001,,
09/25/2024 9:46:00 pm,959.7039,,
09/25/2024 9:48:00 pm,955.7900999999999,,
09/25/2024 9:50:00 pm,969.4872,,
09/25/2024 9:54:00 pm,981.77175,,
09/25/2024 9:56:00 pm,999.64695,,49.76284
09/25/2024 9:58:00 pm,985.9656,,43.79427
09/25/2024 10:00:00 pm,996.4222500000001,,42.94796
09/25/2024 10:02:00 pm,980.2137,,41.85362
09/25/2024 10:04:00 pm,979.0484999999999,,41.35471
09/25/2024 10:06:00 pm,993.33105,973.5,41.35471
09/25/2024 10:08:00 pm,971.8010999999999,,40.98203
09/25/2024 10:10:00 pm,964.447725,,
09/25/2024 10:12:00 pm,953.720775,,
09/25/2024 10:14:00 pm,934.7727750000001,,44.95429
09/25/2024 10:18:00 pm,964.776075,,48.98339
09/25/2024 10:20:00 pm,956.77755,,49.5364866666667
09/25/2024 10:22:00 pm,955.2024,,50.01317
09/25/2024 10:24:00 pm,942.2818500000001,,50.32406
09/25/2024 10:26:00 pm,953.8503000000001,,50.47941
09/25/2024 10:28:00 pm,951.59115,,
09/25/2024 10:30:00 pm,950.5009499999999,,50.54218
09/25/2024 10:32:00 pm,948.8879999999999,,
09/25/2024 10:34:00 pm,948.9133499999999,,
09/25/2024 10:36:00 pm,961.85655,,50.80348
09/25/2024 10:38:00 pm,963.186,,
09/25/2024 10:42:00 pm,998.0667,,
09/25/2024 10:44:00 pm,1001.3203500000001,,42.719885
09/25/2024 10:46:00 pm,993.1312499999999,,41.588575
09/25/2024 10:48:00 pm,984.6578999999999,,40.94868
09/25/2024 10:50:00 pm,992.47305,,40.634455
09/25/2024 10:52:00 pm,994.3252500000001,,40.44232
09/25/2024 10:54:00 pm,992.82825,,40.38174
09/25/2024 10:56:00 pm,987.2143500000001,,
09/25/2024 10:58:00 pm,968.1202499999999,,
09/25/2024 11:00:00 pm,949.7189999999999,,
09/25/2024 11:02:00 pm,931.4139,973.5,44.84679
09/25/2024 11:06:00 pm,956.8741500000001,,48.35826
09/25/2024 11:08:00 pm,966.7129499999999,,49.01871
09/25/2024 11:10:00 pm,975.062175,,
09/25/2024 11:12:00 pm,987.6361499999999,,
09/25/2024 11:14:00 pm,1019.0945999999999,,45.07446
09/25/2024 11:16:00 pm,979.9617000000001,,40.51112
09/25/2024 11:18:00 pm,991.7913000000001,,40.01254
09/25/2024 11:20:00 pm,991.5523499999999,,40.01254
09/25/2024 11:22:00 pm,980.201325,,39.50229
09/25/2024 11:24:00 pm,993.70515,,
09/25/2024 11:28:00 pm,997.227675,,39.21921
09/25/2024 11:30:00 pm,969.079425,,39.08482
09/25/2024 11:32:00 pm,976.6990499999999,,
09/25/2024 11:34:00 pm,982.9016999999999,,
09/25/2024 11:36:00 pm,996.6813,,
09/25/2024 11:38:00 pm,988.9617000000001,,38.58813
09/25/2024 11:40:00 pm,999.08115,,
09/25/2024 11:42:00 pm,979.8924750000001,,38.10564
09/25/2024 11:44:00 pm,991.0265999999999,,
09/25/2024 11:46:00 pm,989.9180999999999,,
09/25/2024 11:48:00 pm,994.8088500000001,,
09/25/2024 11:52:00 pm,1000.064475,,38.04379
09/25/2024 11:54:00 pm,994.2092500000005,,
09/25/2024 11:56:00 pm,999.809325,,37.79766
09/25/2024 11:58:00 pm,970.0178249999999,,37.53628
09/26/2024 12:00:00 am,982.86405,,
09/26/2024 12:02:00 am,988.99305,,37.53628
09/26/2024 12:04:00 am,989.61255,,
09/26/2024 12:06:00 am,986.98335,973.5,
09/26/2024 12:08:00 am,981.3005999999999,,
09/26/2024 12:10:00 am,975.2110500000001,,
09/26/2024 12:12:00 am,967.9428,,
09/26/2024 12:16:00 am,959.2887000000001,,
09/26/2024 12:18:00 am,948.99855,,
09/26/2024 12:20:00 am,946.36995,,42.45447
09/26/2024 12:22:00 am,948.8511000000001,,
09/26/2024 12:24:00 am,971.9253,,45.45126
09/26/2024 12:26:00 am,962.2126499999999,,
09/26/2024 12:28:00 am,953.9329499999999,,
09/26/2024 12:30:00 am,957.11415,,45.94758
09/26/2024 12:32:00 am,957.5226749999999,,45.94758
09/26/2024 12:34:00 am,962.7154499999999,,46.47051
09/26/2024 12:36:00 am,962.9739750000001,,46.47051
09/26/2024 12:40:00 am,960.7515,,47.07151
09/26/2024 12:42:00 am,972.6723000000001,,47.53367
09/26/2024 12:44:00 am,964.07925,,47.9856
09/26/2024 12:46:00 am,965.9392500000001,,48.36612
09/26/2024 12:48:00 am,943.2648,,48.78928
09/26/2024 12:50:00 am,959.97945,,49.00606
09/26/2024 12:52:00 am,943.4121,,49.32634
09/26/2024 12:54:00 am,959.160075,,49.47899
09/26/2024 12:56:00 am,958.6681500000001,,
09/26/2024 12:58:00 am,956.5915500000001,,
09/26/2024 1:00:00 am,965.2206000000001,,
09/26/2024 1:04:00 am,971.0729999999999,,49.47899
09/26/2024 1:06:00 am,975.3304499999999,,
09/26/2024 1:08:00 am,983.459925,973.5,
09/26/2024 1:10:00 am,989.0491499999999,,
09/26/2024 1:12:00 am,989.5623,,
09/26/2024 1:14:00 am,995.643375,,
09/26/2024 1:16:00 am,1001.7113999999999,,49.36536
09/26/2024 1:18:00 am,999.8241,,48.90276
09/26/2024 1:20:00 am,1000.29885,,48.64749
09/26/2024 1:22:00 am,998.1709500000001,,48.50908
09/26/2024 1:24:00 am,993.7851,,
09/26/2024 1:28:00 am,990.8036999999999,,
09/26/2024 1:30:00 am,991.9472500000006,,
09/26/2024 1:32:00 am,1004.404275,,46.939685
09/26/2024 1:34:00 am,988.6633499999999,,41.86824
09/26/2024 1:36:00 am,994.6659,,
09/26/2024 1:38:00 am,992.55705,,41.48386
09/26/2024 1:40:00 am,985.0835999999999,,41.2701
09/26/2024 1:42:00 am,982.1449499999999,,
09/26/2024 1:44:00 am,975.7573500000001,,
09/26/2024 1:46:00 am,963.048,,
09/26/2024 1:50:00 am,956.8803,,
09/26/2024 1:52:00 am,939.8115750000001,,43.980535
09/26/2024 1:54:00 am,942.5550000000001,,48.67121
09/26/2024 1:56:00 am,979.66845,,48.87719
09/26/2024 1:58:00 am,991.714575,,
09/26/2024 2:00:00 am,993.130725,,
09/26/2024 2:02:00 am,997.5481500000001,,
09/26/2024 2:04:00 am,999.3515249999999,973.5,48.69405
09/26/2024 2:06:00 am,1002.1779,,47.861725
09/26/2024 2:08:00 am,1001.2192500000001,,47.117165
09/26/2024 2:10:00 am,996.878025,,46.877265
09/26/2024 2:14:00 am,993.404025,,46.68695
09/26/2024 2:16:00 am,987.6795749999999,,
09/26/2024 2:18:00 am,985.7900999999999,,
09/26/2024 2:20:00 am,985.6677,,
09/26/2024 2:22:00 am,983.2995000000001,,
09/26/2024 2:24:00 am,986.59185,,
09/26/2024 2:26:00 am,995.1320249999999,,
09/26/2024 2:28:00 am,1004.606775,,44.00258
09/26/2024 2:30:00 am,996.0345,,41.31628
09/26/2024 2:32:00 am,987.0825,,40.89117
09/26/2024 2:34:00 am,986.1705,,40.54376
09/26/2024 2:38:00 am,975.095925,,40.54376
09/26/2024 2:40:00 am,961.6206750000001,,
09/26/2024 2:42:00 am,945.7741000000005,,42.52162
09/26/2024 2:44:00 am,930.8406,,46.23869
09/26/2024 2:46:00 am,960.10095,,48.40614
09/26/2024 2:48:00 am,956.68545,,
09/26/2024 2:50:00 am,961.7191500000001,,
09/26/2024 2:52:00 am,966.4773,,
09/26/2024 2:54:00 am,965.01075,,
09/26/2024 2:56:00 am,965.718075,,
09/26/2024 2:58:00 am,970.617675,,
09/26/2024 3:02:00 am,969.0039,,
09/26/2024 3:04:00 am,973.4463499999995,973.5,48.40614
09/26/2024 3:06:00 am,966.4998,,
09/26/2024 3:08:00 am,968.5746750000001,,
09/26/2024 3:10:00 am,961.48935,,
09/26/2024 3:12:00 am,960.765675,,
09/26/2024 3:14:00 am,968.55855,,
09/26/2024 3:16:00 am,975.5283000000001,,
09/26/2024 3:18:00 am,992.496825,,
09/26/2024 3:20:00 am,1007.38635,,46.44079
09/26/2024 3:22:00 am,1001.68605,,40.80679
09/26/2024 3:26:00 am,1002.8915999999999,,40.57598
09/26/2024 3:28:00 am,976.419375,,40.47161
09/26/2024 3:30:00 am,973.76415,,
09/26/2024 3:32:00 am,981.3877999999995,,
09/26/2024 3:34:00 am,982.44255,,
09/26/2024 3:36:00 am,971.2126499999999,,
09/26/2024 3:38:00 am,959.29935,,
09/26/2024 3:40:00 am,947.674425,,
09/26/2024 3:42:00 am,950.516325,,41.14193
09/26/2024 3:44:00 am,952.287225,,46.100615
09/26/2024 3:46:00 am,959.21535,,47.98869
09/26/2024 3:50:00 am,959.4102,,
09/26/2024 3:52:00 am,958.1436499999995,,
09/26/2024 3:54:00 am,952.36425,,
09/26/2024 3:56:00 am,950.5128,,
09/26/2024 3:58:00 am,942.8430000000001,,48.27468
09/26/2024 4:00:00 am,968.8090500000001,,48.32397
09/26/2024 4:02:00 am,965.7254250000001,973.5,
09/26/2024 4:04:00 am,964.5260249999999,,48.32397
09/26/2024 4:06:00 am,973.49445,973.5,
09/26/2024 4:08:00 am,980.563275,,
09/26/2024 4:12:00 am,988.68165,,
09/26/2024 4:14:00 am,1001.10045,,47.759245
09/26/2024 4:16:00 am,996.7038,,41.85073
09/26/2024 4:18:00 am,994.2090000000001,,40.50389
09/26/2024 4:20:00 am,996.78465,,40.02004
09/26/2024 4:22:00 am,979.268325,,39.43002
09/26/2024 4:24:00 am,994.4781,,
09/26/2024 4:26:00 am,983.9031,,
09/26/2024 4:28:00 am,977.8202999999999,,
09/26/2024 4:30:00 am,952.1019,,39.55496
09/26/2024 4:32:00 am,934.95375,,43.05559
09/26/2024 4:36:00 am,950.670075,,47.16902
09/26/2024 4:38:00 am,970.0491,,47.49638
09/26/2024 4:40:00 am,967.5743249999999,,
09/26/2024 4:42:00 am,963.6621,,
09/26/2024 4:44:00 am,966.3252,,
09/26/2024 4:46:00 am,966.4219499999999,,
09/26/2024 4:48:00 am,960.4553999999999,,
09/26/2024 4:50:00 am,961.0022999999999,,
09/26/2024 4:52:00 am,959.9357249999999,,
09/26/2024 4:54:00 am,963.1794,,
09/26/2024 4:56:00 am,963.4084499999999,,
09/26/2024 5:00:00 am,978.633075,,
09/26/2024 5:02:00 am,994.4608499999999,,
09/26/2024 5:04:00 am,1013.2520999999999,973.5,44.01641
09/26/2024 5:06:00 am,995.4012,,39.44482
09/26/2024 5:08:00 am,982.0640249999999,,39.04387
09/26/2024 5:10:00 am,997.2235499999999,,
09/26/2024 5:12:00 am,996.2353499999999,,
09/26/2024 5:14:00 am,981.5370750000001,,
09/26/2024 5:16:00 am,967.5852750000001,,
09/26/2024 5:18:00 am,942.6415000000006,,40.77588
09/26/2024 5:20:00 am,923.7567,,46.0961
09/26/2024 5:24:00 am,959.6096249999999,,47.00674
09/26/2024 5:26:00 am,958.911525,,47.49283
09/26/2024 5:28:00 am,964.89285,,47.49283
09/26/2024 5:30:00 am,961.3320000000001,,
09/26/2024 5:32:00 am,957.538725,,
09/26/2024 5:34:00 am,960.99165,,
09/26/2024 5:36:00 am,960.19005,,
09/26/2024 5:38:00 am,960.0097499999999,,
09/26/2024 5:40:00 am,947.607675,,47.62085
09/26/2024 5:42:00 am,976.3659,,47.8875
09/26/2024 5:44:00 am,1018.766325,,45.07008
09/26/2024 5:48:00 am,998.61195,,39.604885
09/26/2024 5:50:00 am,993.3178000000005,,38.8835266666667
09/26/2024 5:52:00 am,986.737875,,38.51239
09/26/2024 5:54:00 am,993.524925,,
09/26/2024 5:56:00 am,994.8428250000001,,
09/26/2024 5:58:00 am,989.0096249999999,,
09/26/2024 6:00:00 am,972.4214999999999,973.5,38.51239
09/26/2024 6:02:00 am,957.4093500000001,,38.51239
09/26/2024 6:04:00 am,941.31195,973.5,39.29324
09/26/2024 6:06:00 am,946.1724,,46.06586
09/26/2024 6:08:00 am,979.8498,,46.48962
09/26/2024 6:12:00 am,986.9286,,
09/26/2024 6:14:00 am,999.8432500000006,,45.732125
09/26/2024 6:16:00 am,1031.82945,,39.72361
09/26/2024 6:18:00 am,998.668725,,38.42548
09/26/2024 6:20:00 am,981.3459,,38.12486
09/26/2024 6:22:00 am,996.1720499999999,,
09/26/2024 6:24:00 am,979.9958500000005,,37.65447
09/26/2024 6:26:00 am,975.4677750000001,,
09/26/2024 6:28:00 am,973.0710750000001,,
09/26/2024 6:30:00 am,978.2919750000001,,
09/26/2024 6:32:00 am,988.393875,,
09/26/2024 6:36:00 am,994.943475,,
09/26/2024 6:38:00 am,985.3689499999996,,37.0508033333333
09/26/2024 6:40:00 am,982.7541,,
09/26/2024 6:42:00 am,983.7991499999999,,
09/26/2024 6:44:00 am,978.53685,,
09/26/2024 6:46:00 am,978.5622000000001,,
09/26/2024 6:48:00 am,976.4806000000005,,
09/26/2024 6:50:00 am,977.646675,,
09/26/2024 6:52:00 am,980.639925,,
09/26/2024 6:54:00 am,981.4110000000001,,
09/26/2024 6:58:00 am,982.423425,,
09/26/2024 7:00:00 am,981.9449999999999,,
09/26/2024 7:02:00 am,983.67,,36.94853
09/26/2024 7:04:00 am,984.4425749999999,973.5,36.94853
09/26/2024 7:06:00 am,985.9738500000001,,
09/26/2024 7:08:00 am,977.9176500000001,973.5,
09/26/2024 7:10:00 am,974.89725,,
09/26/2024 7:12:00 am,964.3453499999999,,
09/26/2024 7:14:00 am,948.8481750000001,,37.04961
09/26/2024 7:16:00 am,928.9258500000001,,44.21395
09/26/2024 7:18:00 am,960.408075,,44.846065
09/26/2024 7:22:00 am,954.6012000000001,,45.06552
09/26/2024 7:24:00 am,961.4092000000005,,45.47309
09/26/2024 7:26:00 am,954.0828,,
09/26/2024 7:28:00 am,957.4266749999999,,45.80623
09/26/2024 7:30:00 am,951.3894,,45.97075
09/26/2024 7:32:00 am,961.1056500000001,,46.52378
09/26/2024 7:34:00 am,953.68515,,46.792
09/26/2024 7:36:00 am,952.9663499999999,,47.2631766666667
09/26/2024 7:38:00 am,955.114425,,47.56516
09/26/2024 7:40:00 am,949.0807500000001,,
09/26/2024 7:42:00 am,947.1336000000001,,47.6354
09/26/2024 7:46:00 am,966.895875,,47.99369
09/26/2024 7:48:00 am,966.6075499999995,,
09/26/2024 7:50:00 am,969.3508499999999,,
09/26/2024 7:52:00 am,980.41035,,
09/26/2024 7:54:00 am,978.3126749999999,,
09/26/2024 7:56:00 am,981.294525,,
09/26/2024 7:58:00 am,983.39415,973.5,47.99369
09/26/2024 8:00:00 am,987.349875,,
09/26/2024 8:02:00 am,993.114,,
09/26/2024 8:04:00 am,994.3472999999999,973.5,47.99369
09/26/2024 8:06:00 am,993.8609999999999,,47.82492
09/26/2024 8:10:00 am,996.6151500000001,,47.762015
09/26/2024 8:12:00 am,995.0462500000004,,47.63438
09/26/2024 8:14:00 am,988.9204500000001,,
09/26/2024 8:16:00 am,986.6266499999999,,
09/26/2024 8:18:00 am,981.573075,,
09/26/2024 8:20:00 am,986.8986,,
09/26/2024 8:22:00 am,990.8752000000006,,
09/26/2024 8:24:00 am,995.1313499999999,,47.50356
09/26/2024 8:26:00 am,986.6782499999999,,
09/26/2024 8:28:00 am,982.3630499999999,,
09/26/2024 8:30:00 am,967.57935,,
09/26/2024 8:34:00 am,954.0669750000001,,
09/26/2024 8:36:00 am,952.1187499999996,,48.195565
09/26/2024 8:38:00 am,967.0084499999999,,48.329
09/26/2024 8:40:00 am,962.475825,,
09/26/2024 8:42:00 am,967.4904750000001,,
09/26/2024 8:44:00 am,980.1528000000001,,
09/26/2024 8:46:00 am,985.7796000000001,,
09/26/2024 8:48:00 am,993.8919000000001,,
09/26/2024 8:50:00 am,991.3779749999999,,
09/26/2024 8:52:00 am,986.5771500000001,,
09/26/2024 8:54:00 am,990.7857000000001,,
09/26/2024 8:58:00 am,985.2206500000004,,48.329
09/26/2024 9:00:00 am,980.50215,,
09/26/2024 9:02:00 am,975.258825,973.5,
09/26/2024 9:04:00 am,972.5429999999999,,48.329
09/26/2024 9:06:00 am,966.7554749999999,,
09/26/2024 9:08:00 am,963.4895250000001,,
09/26/2024 9:10:00 am,977.6532499999994,,
09/26/2024 9:12:00 am,982.14075,,
09/26/2024 9:14:00 am,988.422675,,
09/26/2024 9:16:00 am,980.760075,,
09/26/2024 9:20:00 am,970.0848000000001,,
09/26/2024 9:22:00 am,955.25865,,49.050725
09/26/2024 9:24:00 am,951.6873,,49.36876
09/26/2024 9:26:00 am,956.372925,,50.01384
09/26/2024 9:28:00 am,961.8342,,50.656775
09/26/2024 9:30:00 am,943.82565,,51.258645
09/26/2024 9:32:00 am,951.5089499999999,,52.05774
09/26/2024 9:34:00 am,959.4092500000006,,52.42945
09/26/2024 9:36:00 am,949.21605,,52.875315
09/26/2024 9:38:00 am,954.556275,,53.156775
09/26/2024 9:40:00 am,960.92235,,53.65313
09/26/2024 9:44:00 am,956.2958249999999,,53.92377
09/26/2024 9:46:00 am,954.50235,,54.45525
09/26/2024 9:48:00 am,951.88305,,55.00339
09/26/2024 9:50:00 am,945.2414249999999,,55.519505
09/26/2024 9:52:00 am,948.33405,,55.786795
09/26/2024 9:54:00 am,957.6512250000001,,56.43891
09/26/2024 9:56:00 am,945.753525,,56.76911
09/26/2024 9:58:00 am,976.8698500000005,973.5,56.98499
09/26/2024 10:00:00 am,1009.94985,,48.56588
09/26/2024 10:02:00 am,994.5505499999999,973.5,47.716715
09/26/2024 10:04:00 am,1011.0985499999999,,46.65721
09/26/2024 10:08:00 am,1004.91885,,45.884575
09/26/2024 10:10:00 am,987.1090000000006,,45.17684
09/26/2024 10:12:00 am,988.107375,,44.66083
09/26/2024 10:14:00 am,987.10755,,44.39708
09/26/2024 10:16:00 am,993.0677250000001,,44.2661
09/26/2024 10:18:00 am,987.9846749999999,,43.86639
09/26/2024 10:20:00 am,978.5312500000005,,
09/26/2024 10:22:00 am,965.2253250000001,,
09/26/2024 10:24:00 am,965.6462999999999,,
09/26/2024 10:26:00 am,967.243125,,
09/26/2024 10:28:00 am,976.625025,,
09/26/2024 10:32:00 am,977.3259,,
09/26/2024 10:34:00 am,986.5492000000006,,
09/26/2024 10:36:00 am,997.673025,,
09/26/2024 10:38:00 am,989.3727000000001,,43.61929
09/26/2024 10:40:00 am,978.872925,,43.49889
09/26/2024 10:42:00 am,981.2715000000001,,
09/26/2024 10:44:00 am,985.77855,,
09/26/2024 10:46:00 am,990.49185,,
09/26/2024 10:48:00 am,996.500475,,42.94957
09/26/2024 10:50:00 am,996.169875,,42.70793
09/26/2024 10:52:00 am,1000.0778250000001,,42.207405
09/26/2024 10:56:00 am,982.093125,,41.94852
09/26/2024 10:58:00 am,992.5064500000005,,41.61785
09/26/2024 11:00:00 am,1000.9174499999999,,41.29382
09/26/2024 11:02:00 am,981.6322500000001,973.5,40.678515
09/26/2024 11:04:00 am,980.379,973.5,40.44824
09/26/2024 11:06:00 am,1001.59725,,40.32916
09/26/2024 11:08:00 am,973.898625,,40.10757
09/26/2024 11:10:00 am,968.44695,,
09/26/2024 11:12:00 am,940.005975,,41.33733
09/26/2024 11:14:00 am,949.3010500000005,,47.7782133333333
09/26/2024 11:20:00 am,962.57115,,48.7664366666667
09/26/2024 11:22:00 am,951.70935,,
09/26/2024 11:24:00 am,959.109825,,49.59827
09/26/2024 11:26:00 am,952.28145,,
09/26/2024 11:28:00 am,968.364825,,49.93693
09/26/2024 11:30:00 am,957.7701750000001,,
09/26/2024 11:32:00 am,954.1983,,50.291075
09/26/2024 11:34:00 am,967.671825,,50.34503
09/26/2024 11:36:00 am,968.2644,,
09/26/2024 11:38:00 am,971.60985,,
09/26/2024 11:42:00 am,978.91725,,
09/26/2024 11:44:00 am,1011.8235499999995,,46.7402266666667
09/26/2024 11:46:00 am,990.615,,42.184305
09/26/2024 11:48:00 am,993.050025,,41.91697
09/26/2024 11:50:00 am,1000.0232249999999,,41.5954
09/26/2024 11:52:00 am,976.97505,,41.34079
09/26/2024 11:54:00 am,964.7313750000001,,
09/26/2024 11:56:00 am,947.89395,,42.51477
09/26/2024 11:58:00 am,944.220675,,48.96535
09/26/2024 12:00:00 pm,946.6069499999999,,50.0492
09/26/2024 12:02:00 pm,955.6143,973.5,50.678195
09/26/2024 12:06:00 pm,955.487625,,50.90454
09/26/2024 12:08:00 pm,952.6606499999999,973.5,51.7024933333333
09/26/2024 12:10:00 pm,953.321175,,51.9999
09/26/2024 12:12:00 pm,948.363375,,52.11049
09/26/2024 12:14:00 pm,971.55375,,52.42621
09/26/2024 12:16:00 pm,962.54625,,
09/26/2024 12:18:00 pm,958.6259500000006,,52.88609
09/26/2024 12:20:00 pm,957.1979999999999,,52.88609
09/26/2024 12:22:00 pm,970.1364000000001,,
09/26/2024 12:24:00 pm,1011.0512249999999,,49.28482
09/26/2024 12:26:00 pm,1003.09725,,44.313435
09/26/2024 12:30:00 pm,1002.8023499999999,,43.60842
09/26/2024 12:32:00 pm,991.7496499999995,,42.5996166666667
09/26/2024 12:34:00 pm,981.729525,,41.91292
09/26/2024 12:36:00 pm,985.87245,,
09/26/2024 12:38:00 pm,977.1930749999999,,
09/26/2024 12:40:00 pm,955.39665,,
09/26/2024 12:42:00 pm,938.5639999999995,,46.0388666666667
09/26/2024 12:44:00 pm,954.1612499999999,,49.93562
09/26/2024 12:46:00 pm,943.2575999999999,,50.4504
09/26/2024 12:48:00 pm,965.2953,,51.47068
09/26/2024 12:50:00 pm,971.7274500000001,,
09/26/2024 12:54:00 pm,986.16255,,
09/26/2024 12:56:00 pm,1001.9460000000001,,49.87523
09/26/2024 12:58:00 pm,993.5723249999999,,43.31363
09/26/2024 1:00:00 pm,980.9928,,43.02596
09/26/2024 1:02:00 pm,995.1156,973.5,42.632075
09/26/2024 1:04:00 pm,996.9249,973.5,42.46951
09/26/2024 1:06:00 pm,998.4595499999999,,41.89884
09/26/2024 1:08:00 pm,1001.0926499999999,,41.73762
09/26/2024 1:10:00 pm,950.0240999999999,,41.25972
09/26/2024 1:12:00 pm,934.02495,,44.48141
09/26/2024 1:14:00 pm,954.779025,,49.31328
09/26/2024 1:18:00 pm,957.268875,,49.753785
09/26/2024 1:20:00 pm,961.64685,,
09/26/2024 1:22:00 pm,967.16595,,
09/26/2024 1:24:00 pm,981.64365,,
09/26/2024 1:26:00 pm,994.9637250000001,,
09/26/2024 1:28:00 pm,1009.308,,46.9611
09/26/2024 1:30:00 pm,989.3187499999995,,42.40549
09/26/2024 1:32:00 pm,987.304275,,
09/26/2024 1:34:00 pm,979.818225,,
09/26/2024 1:36:00 pm,981.06,,
09/26/2024 1:38:00 pm,979.7879250000001,,
09/26/2024 1:42:00 pm,980.4601000000006,,
09/26/2024 1:44:00 pm,976.6383000000001,,
09/26/2024 1:46:00 pm,968.3903250000001,,
09/26/2024 1:48:00 pm,966.902775,,
09/26/2024 1:50:00 pm,959.39925,,
09/26/2024 1:52:00 pm,931.0962000000001,,45.77905
09/26/2024 1:54:00 pm,952.9567499999999,,50.29336
09/26/2024 1:56:00 pm,939.12915,,50.81297
09/26/2024 1:58:00 pm,953.0695499999999,973.5,52.22389
09/26/2024 2:00:00 pm,954.672075,,53.33949
09/26/2024 2:04:00 pm,950.3959500000001,,53.9273
09/26/2024 2:06:00 pm,952.332075,,56.0975233333333
09/26/2024 2:08:00 pm,941.9242499999999,973.5,58.473925
09/26/2024 2:10:00 pm,946.8308999999999,,61.11512
09/26/2024 2:12:00 pm,943.6348499999999,,63.08564
09/26/2024 2:14:00 pm,951.1179750000001,,65.408995
09/26/2024 2:16:00 pm,954.084525,,66.556865
09/26/2024 2:18:00 pm,960.1165500000001,,67.0905433333333
09/26/2024 2:20:00 pm,953.1288000000001,,67.68835
09/26/2024 2:22:00 pm,955.22565,,
09/26/2024 2:24:00 pm,956.2275,,
09/26/2024 2:28:00 pm,964.6756500000001,,
09/26/2024 2:30:00 pm,952.3815000000001,,68.22243
09/26/2024 2:32:00 pm,940.4076,,69.41109
09/26/2024 2:34:00 pm,943.7718749999999,,73.114
09/26/2024 2:36:00 pm,947.47785,,76.434865
09/26/2024 2:38:00 pm,953.2142999999999,,77.864855
09/26/2024 2:40:00 pm,946.4653000000005,,81.0744966666667
09/26/2024 2:42:00 pm,938.4672,,85.149695
09/26/2024 2:44:00 pm,937.63185,,90.636055
09/26/2024 2:46:00 pm,923.338575,,98.169625
09/26/2024 2:48:00 pm,909.32565,,100.0
09/26/2024 2:52:00 pm,875.127225,,
09/26/2024 2:54:00 pm,847.3735000000005,,
09/26/2024 2:56:00 pm,732.56955,,
09/26/2024 2:58:00 pm,713.5803,973.5,100.0
09/26/2024 3:00:00 pm,800.9234999999999,,
09/26/2024 3:02:00 pm,869.5137,,
09/26/2024 3:04:00 pm,917.0331000000001,973.5,
09/26/2024 3:06:00 pm,987.1150499999999,,99.99096
09/26/2024 3:08:00 pm,1045.76445,,88.222705
09/26/2024 3:10:00 pm,1017.651525,,74.37824
09/26/2024 3:12:00 pm,993.76695,,70.093015
09/26/2024 3:16:00 pm,998.081025,,66.95412
09/26/2024 3:18:00 pm,962.7791500000005,,64.32259
09/26/2024 3:20:00 pm,950.418375,,
09/26/2024 3:22:00 pm,958.4015999999999,,
09/26/2024 3:24:00 pm,956.6847,,
09/26/2024 3:26:00 pm,972.28215,,
09/26/2024 3:28:00 pm,987.2738999999999,,63.438635
09/26/2024 3:30:00 pm,970.7202,,
09/26/2024 3:32:00 pm,902.21535,,68.68573
09/26/2024 3:34:00 pm,944.205,,72.54684
09/26/2024 3:36:00 pm,939.7510500000001,,75.22699
09/26/2024 3:40:00 pm,930.1023,,80.79708
09/26/2024 3:42:00 pm,922.867725,,92.217785
09/26/2024 3:44:00 pm,976.7805000000001,,97.28909
09/26/2024 3:46:00 pm,1031.6145000000001,,92.044785
09/26/2024 3:48:00 pm,1009.564575,,78.284735
09/26/2024 3:50:00 pm,921.4465499999999,,82.471105
09/26/2024 3:52:00 pm,950.5861500000001,,87.5722333333333
09/26/2024 3:54:00 pm,953.8475250000001,,88.01268
09/26/2024 3:56:00 pm,951.23505,,88.52261
09/26/2024 3:58:00 pm,936.1787999999999,973.5,90.39574
09/26/2024 4:00:00 pm,930.7453499999999,,99.01026
09/26/2024 4:04:00 pm,885.7955999999999,,100.0
09/26/2024 4:06:00 pm,851.7243,,
09/26/2024 4:08:00 pm,847.3579500000001,973.5,
09/26/2024 4:10:00 pm,825.2329500000001,,
09/26/2024 4:12:00 pm,794.5824,,
09/26/2024 4:14:00 pm,731.94285,,
09/26/2024 4:16:00 pm,728.1335500000005,,
09/26/2024 4:18:00 pm,743.5086,,
09/26/2024 4:20:00 pm,794.9692500000001,,
09/26/2024 4:22:00 pm,863.299125,,
09/26/2024 4:26:00 pm,1009.9418999999999,,98.427025
09/26/2024 4:28:00 pm,1069.9596000000001,,76.4899666666667
09/26/2024 4:30:00 pm,1009.85835,,62.3682
09/26/2024 4:32:00 pm,996.0998999999999,,59.692
09/26/2024 4:34:00 pm,1003.0261499999999,,58.20436
09/26/2024 4:36:00 pm,987.7941000000001,,57.6312
09/26/2024 4:38:00 pm,968.07465,,
09/26/2024 4:40:00 pm,943.248525,,61.55729
09/26/2024 4:42:00 pm,944.36265,,69.02869
09/26/2024 4:44:00 pm,951.9087000000001,,70.38443
09/26/2024 4:46:00 pm,951.4219499999999,,
09/26/2024 4:50:00 pm,947.5919999999999,,70.56758
09/26/2024 4:52:00 pm,951.8565000000001,,71.9328633333333
09/26/2024 4:54:00 pm,946.5894000000001,,74.51598
09/26/2024 4:56:00 pm,975.1770750000001,,75.40554
09/26/2024 4:58:00 pm,1030.064025,,70.09814
09/26/2024 5:00:00 pm,998.8053,,64.54247
09/26/2024 5:02:00 pm,996.21255,973.5,64.33214
09/26/2024 5:04:00 pm,999.6076499999999,973.5,64.21332
09/26/2024 5:06:00 pm,989.3952,,
09/26/2024 5:08:00 pm,985.2546,,
09/26/2024 5:10:00 pm,979.1551499999999,,
09/26/2024 5:14:00 pm,980.5812000000001,,
09/26/2024 5:16:00 pm,1007.624175,,62.155715
09/26/2024 5:18:00 pm,1001.9491499999999,,59.27065
09/26/2024 5:20:00 pm,1009.4637,,56.96776
09/26/2024 5:22:00 pm,1004.2830000000001,,54.26028
09/26/2024 5:24:00 pm,1003.09035,,52.983445
09/26/2024 5:26:00 pm,995.4237,,51.1499133333333
09/26/2024 5:28:00 pm,996.392175,,49.876835
09/26/2024 5:30:00 pm,989.4774,,48.5313
09/26/2024 5:32:00 pm,998.4042,,47.48884
09/26/2024 5:34:00 pm,999.2466,,47.28991
09/26/2024 5:38:00 pm,976.3678499999999,,46.925
09/26/2024 5:40:00 pm,965.01615,,
09/26/2024 5:42:00 pm,963.4557,,
09/26/2024 5:44:00 pm,970.61265,,
09/26/2024 5:46:00 pm,979.9797,,
09/26/2024 5:48:00 pm,984.183,,
09/26/2024 5:50:00 pm,993.0445500000001,,46.29971
09/26/2024 5:52:00 pm,1002.2576999999999,,46.24066
09/26/2024 5:54:00 pm,987.14085,,45.92068
09/26/2024 5:56:00 pm,991.43685,,
09/26/2024 5:58:00 pm,1001.5344,973.5,45.70564
09/26/2024 6:02:00 pm,988.004625,973.5,45.42043
09/26/2024 6:04:00 pm,990.7694250000001,,45.19492
09/26/2024 6:06:00 pm,991.5073500000001,,45.03528
09/26/2024 6:08:00 pm,992.66715,,44.37631
09/26/2024 6:10:00 pm,992.20095,,43.76356
09/26/2024 6:12:00 pm,990.77385,,42.92457
09/26/2024 6:14:00 pm,1005.05835,,42.08691
09/26/2024 6:16:00 pm,995.874,,41.87537
09/26/2024 6:18:00 pm,984.00825,,41.3121
09/26/2024 6:20:00 pm,994.0306499999999,,
09/26/2024 6:22:00 pm,996.3602999999999,,41.25415
09/26/2024 6:26:00 pm,987.0235500000001,,
09/26/2024 6:28:00 pm,964.810275,,
09/26/2024 6:30:00 pm,933.86265,,44.70535
09/26/2024 6:32:00 pm,948.594525,,49.055625
09/26/2024 6:34:00 pm,962.8720500000001,,49.50228
09/26/2024 6:36:00 pm,956.90265,,
09/26/2024 6:38:00 pm,955.790925,,
09/26/2024 6:40:00 pm,963.02955,,
09/26/2024 6:42:00 pm,959.0418000000001,,
09/26/2024 6:44:00 pm,965.0466000000001,,
09/26/2024 6:48:00 pm,965.9604,,
09/26/2024 6:50:00 pm,965.0472,,
09/26/2024 6:52:00 pm,970.30665,,
09/26/2024 6:54:00 pm,995.2647000000001,,
09/26/2024 6:56:00 pm,1007.1524999999999,,41.49936
09/26/2024 6:58:00 pm,1007.1349500000001,,40.54219
09/26/2024 7:00:00 pm,994.9122,973.5,39.96869
09/26/2024 7:02:00 pm,982.9661249999999,,39.51601
09/26/2024 7:04:00 pm,984.2653500000001,,
09/26/2024 7:06:00 pm,979.2521999999999,973.5,39.51601
09/26/2024 7:08:00 pm,975.5048999999999,,
09/26/2024 7:12:00 pm,953.7028500000001,,
09/26/2024 7:14:00 pm,946.9913999999999,,44.74801
09/26/2024 7:16:00 pm,965.5673999999999,,
09/26/2024 7:18:00 pm,973.2278999999999,,
09/26/2024 7:20:00 pm,985.9012500000001,,
09/26/2024 7:22:00 pm,1015.8290999999999,,45.42041
09/26/2024 7:24:00 pm,976.49505,,38.94469
09/26/2024 7:26:00 pm,1002.74745,,38.87582
09/26/2024 7:28:00 pm,992.2035000000001,,38.48256
09/26/2024 7:30:00 pm,980.1613500000001,,38.10774
09/26/2024 7:32:00 pm,982.28805,,
09/26/2024 7:36:00 pm,990.977775,,
09/26/2024 7:38:00 pm,980.9335999999995,,37.50177
09/26/2024 7:40:00 pm,980.2519500000001,,
09/26/2024 7:42:00 pm,985.87365,,
09/26/2024 7:44:00 pm,994.4831999999999,,
09/26/2024 7:46:00 pm,1003.0503,,37.44023
09/26/2024 7:48:00 pm,995.9915250000001,,
09/26/2024 7:50:00 pm,988.1539500000001,,
09/26/2024 7:52:00 pm,983.3922,,
09/26/2024 7:54:00 pm,982.0758000000001,,
09/26/2024 7:56:00 pm,974.5326,,
09/26/2024 8:00:00 pm,972.82335,973.5,37.44023
09/26/2024 8:02:00 pm,974.409,,
09/26/2024 8:04:00 pm,975.1143,,
09/26/2024 8:06:00 pm,975.398625,973.5,37.44023
09/26/2024 8:08:00 pm,979.295625,,
09/26/2024 8:10:00 pm,964.69335,,
09/26/2024 8:12:00 pm,965.8847999999999,,
09/26/2024 8:14:00 pm,957.06945,,
09/26/2024 8:16:00 pm,954.13575,,
09/26/2024 8:18:00 pm,945.67995,,37.94161
09/26/2024 8:20:00 pm,933.56475,,43.12461
09/26/2024 8:24:00 pm,948.5294999999999,,45.10646
09/26/2024 8:26:00 pm,961.4962499999999,,45.44528
09/26/2024 8:28:00 pm,969.6411,,45.81699
09/26/2024 8:30:00 pm,953.076,,
09/26/2024 8:32:00 pm,967.1211,,46.54765
09/26/2024 8:34:00 pm,946.6254000000001,,
09/26/2024 8:36:00 pm,951.993,,47.05978
09/26/2024 8:38:00 pm,953.423175,,47.4545
09/26/2024 8:40:00 pm,953.8020000000001,,47.99881
09/26/2024 8:42:00 pm,968.0452500000001,,48.39145
09/26/2024 8:44:00 pm,961.6011000000001,,
09/26/2024 8:48:00 pm,955.19295,,
09/26/2024 8:50:00 pm,952.63365,,
09/26/2024 8:52:00 pm,955.4962499999999,,
09/26/2024 8:54:00 pm,971.1415499999999,,
09/26/2024 8:56:00 pm,972.41535,,
09/26/2024 8:58:00 pm,979.5751500000001,,
09/26/2024 9:00:00 pm,988.5562500000001,973.5,48.39145
09/26/2024 9:02:00 pm,996.1941,,48.31473
09/26/2024 9:04:00 pm,997.2463500000001,,47.67711
09/26/2024 9:06:00 pm,1002.1375499999999,973.5,45.71196
09/26/2024 9:08:00 pm,1003.29225,,42.59792
09/26/2024 9:12:00 pm,982.9120500000001,,40.94423
09/26/2024 9:14:00 pm,988.121175,,
09/26/2024 9:16:00 pm,987.9229500000001,,
09/26/2024 9:18:00 pm,985.5711000000001,,
09/26/2024 9:20:00 pm,981.6079500000001,,
09/26/2024 9:22:00 pm,985.0392,,
09/26/2024 9:24:00 pm,985.9224,,
09/26/2024 9:26:00 pm,995.72565,,
09/26/2024 9:28:00 pm,987.50385,,
09/26/2024 9:30:00 pm,977.56185,,
09/26/2024 9:34:00 pm,966.5125499999999,,
09/26/2024 9:36:00 pm,951.8289,,41.05886
09/26/2024 9:38:00 pm,941.9412,,42.9075
09/26/2024 9:40:00 pm,940.56585,,46.54766
09/26/2024 9:42:00 pm,950.4393,,48.299705
09/26/2024 9:44:00 pm,956.79885,,48.40623
09/26/2024 9:46:00 pm,949.1188500000001,,48.86409
09/26/2024 9:48:00 pm,978.2624249999999,,
09/26/2024 9:50:00 pm,984.2543999999999,,
09/26/2024 9:52:00 pm,982.3594499999999,,
09/26/2024 9:54:00 pm,990.6696000000001,,
09/26/2024 9:58:00 pm,990.6105,,
09/26/2024 10:00:00 pm,984.3730499999999,,
09/26/2024 10:02:00 pm,977.2716,,
09/26/2024 10:04:00 pm,972.20805,,
09/26/2024 10:06:00 pm,962.0571,,
09/26/2024 10:08:00 pm,961.42875,973.5,48.86409
09/26/2024 10:10:00 pm,966.2383500000001,,
09/26/2024 10:12:00 pm,996.49665,,47.49982
09/26/2024 10:14:00 pm,1005.802425,,42.408885
09/26/2024 10:16:00 pm,978.9300000000001,,40.99776
09/26/2024 10:18:00 pm,987.43365,,
09/26/2024 10:22:00 pm,987.2209499999999,,
09/26/2024 10:24:00 pm,981.225375,,
09/26/2024 10:26:00 pm,974.74065,,
09/26/2024 10:28:00 pm,962.6687999999999,,
09/26/2024 10:30:00 pm,957.7377,,
09/26/2024 10:32:00 pm,954.5654999999999,,
09/26/2024 10:34:00 pm,955.9893,,
09/26/2024 10:36:00 pm,958.1649,,
09/26/2024 10:38:00 pm,957.2959500000001,,
09/26/2024 10:40:00 pm,957.20595,,
09/26/2024 10:42:00 pm,950.40615,,
09/26/2024 10:46:00 pm,952.42935,,
09/26/2024 10:48:00 pm,947.1197500000005,,42.47891
09/26/2024 10:50:00 pm,945.57075,,47.72426
09/26/2024 10:52:00 pm,952.5010500000001,,48.46173
09/26/2024 10:54:00 pm,953.952,,48.53136
09/26/2024 10:56:00 pm,956.98575,,
09/26/2024 10:58:00 pm,971.72325,,
09/26/2024 11:00:00 pm,985.4269499999999,,
09/26/2024 11:02:00 pm,998.89995,973.5,48.53136
09/26/2024 11:04:00 pm,1009.94955,,44.67594
09/26/2024 11:06:00 pm,1000.28295,,40.7433
09/26/2024 11:10:00 pm,978.07065,,40.47855
09/26/2024 11:12:00 pm,986.8888499999999,,
09/26/2024 11:14:00 pm,1003.63905,,40.31747
09/26/2024 11:16:00 pm,985.01685,,40.13255
09/26/2024 11:18:00 pm,970.956975,,
09/26/2024 11:20:00 pm,963.974025,,
09/26/2024 11:22:00 pm,942.8484000000001,,41.865025
09/26/2024 11:24:00 pm,933.22245,,47.15093
09/26/2024 11:26:00 pm,971.7467999999999,,47.90722
09/26/2024 11:28:00 pm,968.02755,,
09/26/2024 11:30:00 pm,963.4818,,
09/26/2024 11:34:00 pm,963.44415,,
09/26/2024 11:36:00 pm,959.0740499999999,,
09/26/2024 11:38:00 pm,955.95615,,
09/26/2024 11:40:00 pm,954.9006,,
09/26/2024 11:42:00 pm,955.98315,,
09/26/2024 11:44:00 pm,969.60825,,
09/26/2024 11:46:00 pm,978.57465,,
09/26/2024 11:48:00 pm,986.23035,,
09/26/2024 11:50:00 pm,993.4032000000001,,
09/26/2024 11:52:00 pm,1007.597025,,46.258515
09/26/2024 11:56:00 pm,1002.99045,,40.27839
09/26/2024 11:58:00 pm,995.7501,,40.10057
09/27/2024 12:00:00 am,976.155,,39.43521
09/27/2024 12:02:00 am,990.3820499999999,,
09/27/2024 12:04:00 am,985.33635,,
09/27/2024 12:06:00 am,981.5210999999999,973.5,39.43521
09/27/2024 12:08:00 am,960.3102000000001,,
09/27/2024 12:10:00 am,946.8243,,43.777815
09/27/2024 12:12:00 am,968.2901999999999,,47.54006
09/27/2024 12:14:00 am,962.6429999999999,,
09/27/2024 12:16:00 am,958.0057499999999,,
09/27/2024 12:20:00 am,965.98155,,
09/27/2024 12:22:00 am,961.4812499999999,,
09/27/2024 12:24:00 am,962.6866500000001,,
09/27/2024 12:26:00 am,970.2783750000001,,
09/27/2024 12:28:00 am,966.5491499999999,,
09/27/2024 12:30:00 am,968.12565,,
09/27/2024 12:32:00 am,1001.2679999999999,,47.47374
09/27/2024 12:34:00 am,1027.9861500000002,,40.90584
09/27/2024 12:36:00 am,970.3752,,39.04057
09/27/2024 12:38:00 am,986.98095,,
09/27/2024 12:40:00 am,972.42255,,38.54382
09/27/2024 12:44:00 am,978.8765999999999,,
09/27/2024 12:46:00 am,979.0309500000001,,
09/27/2024 12:48:00 am,956.8786999999995,,
09/27/2024 12:50:00 am,935.120625,,42.14359
09/27/2024 12:52:00 am,966.653775,,46.49419
09/27/2024 12:54:00 am,951.2441249999999,,
09/27/2024 12:56:00 am,964.7685749999999,,47.04288
09/27/2024 12:58:00 am,952.713375,,
09/27/2024 1:00:00 am,959.2850250000001,,47.32269
09/27/2024 1:02:00 am,970.2764999999999,,
09/27/2024 1:04:00 am,967.3009500000001,973.5,
09/27/2024 1:08:00 am,978.2164500000001,,47.48351
09/27/2024 1:10:00 am,1013.91525,,47.42046
09/27/2024 1:12:00 am,1016.1973499999999,,41.64758
09/27/2024 1:14:00 am,987.6488999999999,,39.51446
09/27/2024 1:16:00 am,988.0281,,39.0077
09/27/2024 1:18:00 am,995.0205,,38.94326
09/27/2024 1:20:00 am,992.8518,,38.55701
09/27/2024 1:22:00 am,982.5846000000001,,38.27087
09/27/2024 1:24:00 am,974.7932250000001,,
09/27/2024 1:26:00 am,980.9264250000001,,
09/27/2024 1:28:00 am,995.0055,,38.11444
09/27/2024 1:32:00 am,985.4712750000001,,37.75725
09/27/2024 1:34:00 am,974.9149500000001,,37.53632
09/27/2024 1:36:00 am,991.91895,,
09/27/2024 1:38:00 am,975.2433,,36.93069
09/27/2024 1:40:00 am,987.8601,,
09/27/2024 1:42:00 am,975.4176,,36.51257
09/27/2024 1:44:00 am,984.92265,,
09/27/2024 1:46:00 am,994.1252999999999,,
09/27/2024 1:48:00 am,967.9866,,36.1408
09/27/2024 1:50:00 am,974.6043000000001,,
09/27/2024 1:52:00 am,979.899975,,
09/27/2024 1:56:00 am,978.8222249999999,,
09/27/2024 1:58:00 am,979.9768999999995,,
09/27/2024 2:00:00 am,975.689325,,
09/27/2024 2:02:00 am,973.581825,,
09/27/2024 2:04:00 am,974.47965,,36.1408
09/27/2024 2:06:00 am,969.78825,,
09/27/2024 2:08:00 am,964.65345,973.5,
09/27/2024 2:10:00 am,959.44515,,
09/27/2024 2:12:00 am,952.3535999999999,,
09/27/2024 2:14:00 am,944.6529,,36.31111
09/27/2024 2:18:00 am,938.93085,,39.99491
09/27/2024 2:20:00 am,955.8779999999999,,43.44548
09/27/2024 2:22:00 am,948.05685,,
09/27/2024 2:24:00 am,980.6731500000001,,43.96778
09/27/2024 2:26:00 am,977.6763000000001,,
09/27/2024 2:28:00 am,974.9355,,
09/27/2024 2:30:00 am,970.63305,,
09/27/2024 2:32:00 am,970.1874,,
09/27/2024 2:34:00 am,964.7838750000001,,
09/27/2024 2:36:00 am,953.610375,,
09/27/2024 2:38:00 am,946.1895,,44.08223
09/27/2024 2:42:00 am,967.16535,,44.55357
09/27/2024 2:44:00 am,953.6152500000001,,
09/27/2024 2:46:00 am,956.9464499999999,,45.096405
09/27/2024 2:48:00 am,956.3817,,45.42972
09/27/2024 2:50:00 am,964.0414499999999,,45.91996
09/27/2024 2:52:00 am,951.16155,,45.97129
09/27/2024 2:54:00 am,962.50965,,46.45888
09/27/2024 2:56:00 am,955.0476499999995,,47.09914
09/27/2024 2:58:00 am,949.35345,,47.40941
09/27/2024 3:00:00 am,953.4324750000001,,47.731965
09/27/2024 3:02:00 am,950.782575,,48.08874
09/27/2024 3:06:00 am,959.7305999999999,973.5,48.40584
09/27/2024 3:08:00 am,955.826775,,48.40584
09/27/2024 3:10:00 am,957.60045,,
09/27/2024 3:12:00 am,960.7881,,
09/27/2024 3:14:00 am,965.23935,,
09/27/2024 3:16:00 am,965.42445,,
09/27/2024 3:18:00 am,971.89905,,
09/27/2024 3:20:00 am,967.0887,,
09/27/2024 3:22:00 am,964.8922499999999,,
09/27/2024 3:24:00 am,963.8535749999999,,
09/27/2024 3:26:00 am,965.8978500000001,,
09/27/2024 3:30:00 am,973.0785000000001,,
09/27/2024 3:32:00 am,977.0820000000001,,
09/27/2024 3:34:00 am,982.6858999999995,,
09/27/2024 3:36:00 am,982.9026000000001,,
09/27/2024 3:38:00 am,972.45645,,
09/27/2024 3:40:00 am,969.8124,,
09/27/2024 3:42:00 am,970.77465,,
09/27/2024 3:44:00 am,979.5226499999999,,
09/27/2024 3:46:00 am,989.9758499999999,,
09/27/2024 3:48:00 am,1001.2275,,48.34237
09/27/2024 3:50:00 am,1014.97965,,43.47811
09/27/2024 3:54:00 am,992.1105,,40.71942
09/27/2024 3:56:00 am,983.5540500000001,,
09/27/2024 3:58:00 am,971.009775,,40.71942
09/27/2024 4:00:00 am,941.9064,,40.78405
09/27/2024 4:02:00 am,931.3932,973.5,44.89727
09/27/2024 4:04:00 am,968.03955,,48.99279
09/27/2024 4:06:00 am,963.43065,,
09/27/2024 4:08:00 am,966.8507999999999,973.5,
09/27/2024 4:10:00 am,968.2251749999999,,
09/27/2024 4:12:00 am,968.736975,,
09/27/2024 4:14:00 am,966.8623499999999,,
09/27/2024 4:18:00 am,976.6828499999999,,
09/27/2024 4:20:00 am,977.4812999999999,,
09/27/2024 4:22:00 am,981.6399,,
09/27/2024 4:24:00 am,978.5067,,
09/27/2024 4:26:00 am,977.5692,,
09/27/2024 4:28:00 am,978.1244999999999,,
09/27/2024 4:30:00 am,974.568525,,
09/27/2024 4:32:00 am,972.6363000000001,,
09/27/2024 4:34:00 am,977.244825,,
09/27/2024 4:36:00 am,983.8829250000001,,
09/27/2024 4:40:00 am,1000.2411,,48.44279
09/27/2024 4:42:00 am,1006.7741250000001,,43.22728
09/27/2024 4:44:00 am,991.1260000000005,,40.9496033333333
09/27/2024 4:46:00 am,985.7505000000001,,
09/27/2024 4:48:00 am,984.43695,,
09/27/2024 4:50:00 am,973.0844999999999,,
09/27/2024 4:52:00 am,968.4106499999999,,
09/27/2024 4:54:00 am,953.2638,,
09/27/2024 4:56:00 am,937.146,973.5,44.3284
09/27/2024 4:58:00 am,951.1569,,48.44743
09/27/2024 5:00:00 am,948.021225,,48.51447
09/27/2024 5:04:00 am,949.0332000000001,,48.51447
09/27/2024 5:06:00 am,946.9831000000004,973.5,48.58575
09/27/2024 5:08:00 am,947.1488999999999,,48.81124
09/27/2024 5:10:00 am,972.6915750000001,,48.98521
09/27/2024 5:12:00 am,973.52235,,
09/27/2024 5:14:00 am,969.85095,,
09/27/2024 5:16:00 am,968.1003000000001,,
09/27/2024 5:18:00 am,962.2071000000001,,
09/27/2024 5:20:00 am,957.6333,,
09/27/2024 5:22:00 am,947.8154999999999,,
09/27/2024 5:24:00 am,944.58555,,49.31805
09/27/2024 5:28:00 am,968.69175,,49.47006
09/27/2024 5:30:00 am,983.8483999999996,,
09/27/2024 5:32:00 am,999.9183,,49.03095
09/27/2024 5:34:00 am,1007.587425,,43.64123
09/27/2024 5:36:00 am,990.0160500000001,,41.37009
09/27/2024 5:38:00 am,993.248025,,41.095415
09/27/2024 5:40:00 am,989.5443,,41.01268
09/27/2024 5:42:00 am,989.9656999999995,,
09/27/2024 5:44:00 am,991.9029,,40.548725
09/27/2024 5:46:00 am,983.288775,,40.4849
09/27/2024 5:48:00 am,981.2064,,
09/27/2024 5:52:00 am,973.09005,,
09/27/2024 5:54:00 am,962.413875,,
09/27/2024 5:56:00 am,955.2642000000001,,
09/27/2024 5:58:00 am,957.033375,973.5,40.4849
09/27/2024 6:00:00 am,953.50005,,
09/27/2024 6:02:00 am,949.1178750000001,,
09/27/2024 6:04:00 am,948.07275,,
09/27/2024 6:06:00 am,944.0789500000004,973.5,44.40576
09/27/2024 6:08:00 am,958.105875,,47.93334
09/27/2024 6:10:00 am,960.382575,,
09/27/2024 6:12:00 am,964.4232,,
09/27/2024 6:16:00 am,965.0069249999999,,
09/27/2024 6:18:00 am,979.7221999999995,,
09/27/2024 6:20:00 am,980.09655,,
09/27/2024 6:22:00 am,995.4846,,
09/27/2024 6:24:00 am,1003.7707500000001,,47.86589
09/27/2024 6:26:00 am,1024.0063499999999,,40.94292
09/27/2024 6:28:00 am,973.1115,,39.43872
09/27/2024 6:30:00 am,985.86195,,39.01537
09/27/2024 6:32:00 am,975.51615,,
09/27/2024 6:34:00 am,976.5073500000001,,
09/27/2024 6:36:00 am,964.1186250000001,,
09/27/2024 6:40:00 am,951.6507,,39.34618
09/27/2024 6:42:00 am,941.3641999999995,,44.9001433333333
09/27/2024 6:44:00 am,953.013375,,46.98953
09/27/2024 6:46:00 am,960.359325,,47.387385
09/27/2024 6:48:00 am,966.01785,,47.49739
09/27/2024 6:50:00 am,957.7134,,
09/27/2024 6:52:00 am,957.1017,,
09/27/2024 6:54:00 am,954.17985,,
09/27/2024 6:56:00 am,958.288125,,
09/27/2024 6:58:00 am,982.2970499999999,,
09/27/2024 7:02:00 am,1017.2373,,43.56218
09/27/2024 7:04:00 am,1000.89,973.5,39.3516
09/27/2024 7:06:00 am,991.9635,,38.97592
09/27/2024 7:08:00 am,986.314425,,38.73673
09/27/2024 7:10:00 am,976.73505,,38.55344
09/27/2024 7:12:00 am,972.84825,,
09/27/2024 7:14:00 am,969.0177,,
09/27/2024 7:16:00 am,958.49445,,
09/27/2024 7:18:00 am,948.8744999999999,,38.67887
09/27/2024 7:20:00 am,940.712475,,41.486415
09/27/2024 7:22:00 am,949.5129,,45.9649
09/27/2024 7:26:00 am,971.56815,,
09/27/2024 7:28:00 am,984.5322499999995,,
09/27/2024 7:30:00 am,996.9285,,
09/27/2024 7:32:00 am,1018.7292,,39.258
09/27/2024 7:34:00 am,989.0373,,38.22725
09/27/2024 7:36:00 am,978.50685,,37.50917
09/27/2024 7:38:00 am,994.4002499999999,,
09/27/2024 7:40:00 am,978.1995499999994,,36.93192
09/27/2024 7:42:00 am,988.9329,,
09/27/2024 7:44:00 am,983.474925,,36.49443
09/27/2024 7:46:00 am,976.958475,,36.49443
09/27/2024 7:50:00 am,984.9227249999999,,
09/27/2024 7:52:00 am,990.5839000000005,,
09/27/2024 7:54:00 am,994.0101,,
09/27/2024 7:56:00 am,996.49335,,
09/27/2024 7:58:00 am,999.6507750000001,,36.49443
09/27/2024 8:00:00 am,999.91515,,36.43388
09/27/2024 8:02:00 am,967.4511,973.5,36.14262
09/27/2024 8:04:00 am,968.2944,,36.14262
09/27/2024 8:06:00 am,970.6098000000001,973.5,
09/27/2024 8:08:00 am,975.112275,,
09/27/2024 8:10:00 am,978.8129250000001,,
09/27/2024 8:14:00 am,983.939475,,
09/27/2024 8:16:00 am,986.1943000000005,,
09/27/2024 8:18:00 am,987.904425,,
09/27/2024 8:20:00 am,986.8637249999999,,
09/27/2024 8:22:00 am,984.5925,,
09/27/2024 8:24:00 am,981.275325,,
09/27/2024 8:26:00 am,978.0836999999999,,
09/27/2024 8:28:00 am,976.41975,,
09/27/2024 8:30:00 am,972.6786,,
09/27/2024 8:32:00 am,970.277775,,
09/27/2024 8:34:00 am,965.85015,,
09/27/2024 8:38:00 am,959.25675,,
09/27/2024 8:40:00 am,951.9132,,
09/27/2024 8:42:00 am,943.5912,,37.201545
09/27/2024 8:44:00 am,943.2394499999999,,42.49969
09/27/2024 8:46:00 am,963.923925,,43.787615
09/27/2024 8:48:00 am,972.386475,,44.00857
09/27/2024 8:50:00 am,960.4771499999999,,44.59451
09/27/2024 8:52:00 am,962.3154,,44.59451
09/27/2024 8:54:00 am,948.05985,,44.81593
09/27/2024 8:56:00 am,961.8963749999999,,45.02533
09/27/2024 8:58:00 am,959.3005499999999,,45.30832
09/27/2024 9:02:00 am,952.4691,,45.59332
09/27/2024 9:04:00 am,964.7198500000005,973.5,46.2945633333333
09/27/2024 9:06:00 am,956.2308,,47.11378
09/27/2024 9:08:00 am,957.48705,,47.54103
09/27/2024 9:10:00 am,955.21455,,48.00589
09/27/2024 9:12:00 am,954.9472499999999,,48.3665
09/27/2024 9:14:00 am,963.8578500000001,,48.95105
09/27/2024 9:16:00 am,964.44135,,
09/27/2024 9:18:00 am,963.9501750000001,,
09/27/2024 9:20:00 am,966.90495,,
09/27/2024 9:24:00 am,972.92955,,
09/27/2024 9:26:00 am,967.5334499999999,,
09/27/2024 9:28:00 am,966.4334249999999,,
09/27/2024 9:30:00 am,962.08965,,
09/27/2024 9:32:00 am,954.193125,,
09/27/2024 9:34:00 am,951.807225,,49.455925
09/27/2024 9:36:00 am,953.7844500000001,,49.50775
09/27/2024 9:38:00 am,953.2492999999995,,
09/27/2024 9:40:00 am,950.92275,,
09/27/2024 9:42:00 am,966.69855,,49.92588
09/27/2024 9:44:00 am,952.7154,,
09/27/2024 9:48:00 am,953.2796250000001,,50.41621
09/27/2024 9:50:00 am,952.1855500000004,,50.52757
09/27/2024 9:52:00 am,955.0565999999999,,50.84888
09/27/2024 9:54:00 am,948.9947999999999,,50.90528
09/27/2024 9:56:00 am,951.398175,,50.9727
09/27/2024 9:58:00 am,968.772225,973.5,50.9727
09/27/2024 10:00:00 am,989.707275,,
09/27/2024 10:02:00 am,1008.5412499999994,,48.78315
09/27/2024 10:04:00 am,982.045875,973.5,42.93752
09/27/2024 10:06:00 am,985.158225,,42.93752
09/27/2024 10:08:00 am,980.072775,,
09/27/2024 10:12:00 am,962.9604,,
09/27/2024 10:14:00 am,938.1722500000005,,46.81722
09/27/2024 10:16:00 am,962.6701499999999,,51.43599
09/27/2024 10:18:00 am,950.8159499999999,,
09/27/2024 10:20:00 am,955.62615,,
09/27/2024 10:22:00 am,958.5468000000001,,
09/27/2024 10:24:00 am,951.3698500000005,,
09/27/2024 10:26:00 am,946.915125,937.5,52.02875
09/27/2024 10:28:00 am,941.1687749999999,,
09/27/2024 10:30:00 am,933.9851249999999,,
09/27/2024 10:32:00 am,934.5978,,
09/27/2024 10:36:00 am,933.2136750000001,,
09/27/2024 10:38:00 am,936.1758,,
09/27/2024 10:40:00 am,936.503025,,
09/27/2024 10:42:00 am,965.783325,,49.50965
09/27/2024 10:44:00 am,965.023575,,43.47148
09/27/2024 10:46:00 am,949.5200249999999,,42.99785
09/27/2024 10:48:00 am,957.4262500000006,,42.54542
09/27/2024 10:50:00 am,961.2929999999999,,
09/27/2024 10:52:00 am,945.978975,,41.89262
09/27/2024 10:54:00 am,956.1495,,
09/27/2024 10:56:00 am,960.6280499999999,,41.82874
09/27/2024 11:00:00 am,962.1849,937.5,41.69704
09/27/2024 11:02:00 am,935.3154,,
09/27/2024 11:04:00 am,923.4318000000001,,41.69704
09/27/2024 11:06:00 am,907.4174249999999,,42.896795
09/27/2024 11:08:00 am,914.1915,937.5,48.163475
09/27/2024 11:10:00 am,928.808475,,49.57736
09/27/2024 11:12:00 am,939.3149500000005,,
09/27/2024 11:14:00 am,949.710075,,
09/27/2024 11:16:00 am,950.0331000000001,,
09/27/2024 11:18:00 am,949.574625,,
09/27/2024 11:20:00 am,950.89005,,
09/27/2024 11:24:00 am,953.4568999999995,,49.50683
09/27/2024 11:26:00 am,953.800125,,49.50683
09/27/2024 11:28:00 am,952.461675,,
09/27/2024 11:30:00 am,945.5926499999999,,
09/27/2024 11:32:00 am,939.7131750000001,,
09/27/2024 11:34:00 am,938.6523,,
09/27/2024 11:36:00 am,948.2242999999995,,
09/27/2024 11:38:00 am,964.5426,,49.17771
09/27/2024 11:40:00 am,969.8720250000001,,46.043225
09/27/2024 11:42:00 am,955.846575,,41.90641
09/27/2024 11:44:00 am,955.4297250000001,,
09/27/2024 11:48:00 am,952.2428500000005,,
09/27/2024 11:50:00 am,936.6075,,
09/27/2024 11:52:00 am,922.684125,,
09/27/2024 11:54:00 am,908.4105,,42.58855
09/27/2024 11:56:00 am,921.4494000000001,,49.63766
09/27/2024 11:58:00 am,919.8250499999999,,
09/27/2024 12:00:00 pm,919.40775,,49.63766
09/27/2024 12:02:00 pm,923.0975250000001,937.5,
09/27/2024 12:04:00 pm,924.35835,,
09/27/2024 12:06:00 pm,921.2189249999999,,49.63766
09/27/2024 12:10:00 pm,918.8731499999999,,
09/27/2024 12:12:00 pm,917.8312000000005,,
09/27/2024 12:14:00 pm,918.636525,,
09/27/2024 12:16:00 pm,910.9073250000001,,
09/27/2024 12:18:00 pm,932.0143499999999,,49.97773
09/27/2024 12:20:00 pm,925.7457,,
09/27/2024 12:22:00 pm,916.8467249999999,,
09/27/2024 12:24:00 pm,921.2791500000001,,
09/27/2024 12:26:00 pm,941.1904499999999,,
09/27/2024 12:28:00 pm,954.95925,,
09/27/2024 12:30:00 pm,968.3895,,48.87568
09/27/2024 12:34:00 pm,970.0292999999999,,43.2719
09/27/2024 12:36:00 pm,960.4223500000005,,42.34133
09/27/2024 12:38:00 pm,953.686725,,
09/27/2024 12:40:00 pm,956.93805,,
09/27/2024 12:42:00 pm,959.129175,,
09/27/2024 12:44:00 pm,951.8406,,
09/27/2024 12:46:00 pm,931.4291500000005,,
09/27/2024 12:48:00 pm,911.8220249999999,,42.4026
09/27/2024 12:50:00 pm,898.762275,,47.096795
09/27/2024 12:52:00 pm,910.7865,,50.18297
09/27/2024 12:54:00 pm,912.1224749999999,,50.32043
09/27/2024 12:58:00 pm,949.2878250000001,,51.37347
09/27/2024 1:00:00 pm,965.8344749999999,937.5,50.43181
09/27/2024 1:02:00 pm,964.45065,,47.12364
09/27/2024 1:04:00 pm,964.91625,937.5,46.01027
09/27/2024 1:06:00 pm,947.6084250000001,,45.72359
09/27/2024 1:08:00 pm,894.5605499999999,,48.91474
09/27/2024 1:10:00 pm,920.7942,,52.45147
09/27/2024 1:12:00 pm,923.5200750000001,,
09/27/2024 1:14:00 pm,921.580275,,
09/27/2024 1:16:00 pm,935.712825,,
09/27/2024 1:18:00 pm,942.0877499999999,,
09/27/2024 1:22:00 pm,979.76025,,50.2328
09/27/2024 1:24:00 pm,964.421775,,43.96283
09/27/2024 1:26:00 pm,955.61415,,43.35895
09/27/2024 1:28:00 pm,967.3670999999999,,43.30239
09/27/2024 1:30:00 pm,943.81515,,43.03666
09/27/2024 1:32:00 pm,931.7067,,
09/27/2024 1:34:00 pm,911.082375,,50.90072
09/27/2024 1:36:00 pm,928.41525,,52.0062
09/27/2024 1:38:00 pm,905.34105,,52.24865
09/27/2024 1:40:00 pm,911.92275,,52.41539
09/27/2024 1:42:00 pm,927.1560000000001,,52.76006
09/27/2024 1:46:00 pm,925.52565,,
09/27/2024 1:48:00 pm,944.71245,,
09/27/2024 1:50:00 pm,956.5527000000001,,
09/27/2024 1:52:00 pm,958.3734000000001,,52.69586
09/27/2024 1:54:00 pm,956.9988,,
09/27/2024 1:56:00 pm,941.7611999999999,,
09/27/2024 1:58:00 pm,942.9067500000001,937.5,
09/27/2024 2:00:00 pm,970.8315,,
09/27/2024 2:02:00 pm,948.7809,,44.30246
09/27/2024 2:04:00 pm,944.8572,937.5,43.35007
09/27/2024 2:06:00 pm,948.3153,,42.89804
09/27/2024 2:10:00 pm,952.0568250000001,,42.41462
09/27/2024 2:12:00 pm,945.4662,,
09/27/2024 2:14:00 pm,933.9144,,
09/27/2024 2:16:00 pm,913.2351,,42.73188
09/27/2024 2:18:00 pm,899.485725,,48.5787
09/27/2024 2:20:00 pm,918.9504,,51.1259
09/27/2024 2:22:00 pm,911.4133999999995,,51.90776
09/27/2024 2:24:00 pm,917.704125,,52.83887
09/27/2024 2:26:00 pm,918.279375,,53.272
09/27/2024 2:28:00 pm,911.9758499999999,,
09/27/2024 2:32:00 pm,917.723925,,
09/27/2024 2:34:00 pm,913.9143,,
09/27/2024 2:36:00 pm,913.73625,,
09/27/2024 2:38:00 pm,914.5116,,53.90096
09/27/2024 2:40:00 pm,921.2769000000001,,54.11813
09/27/2024 2:42:00 pm,973.39695,,53.66035
09/27/2024 2:44:00 pm,955.91835,,45.08663
09/27/2024 2:46:00 pm,951.1203,,43.34544
09/27/2024 2:48:00 pm,967.4604,,42.68572
09/27/2024 2:50:00 pm,941.3247,,41.92038
09/27/2024 2:52:00 pm,947.3039999999999,,
09/27/2024 2:56:00 pm,944.7399,,
09/27/2024 2:58:00 pm,932.6238,,
09/27/2024 3:00:00 pm,,937.5,41.92038
09/27/2024 3:02:00 pm,,,44.584
09/27/2024 3:04:00 pm,914.1650999999999,,48.37862
09/27/2024 3:06:00 pm,931.6422749999999,937.5,48.37862
09/27/2024 3:08:00 pm,969.6012000000001,,45.891265
09/27/2024 3:10:00 pm,948.612225,,40.86781
09/27/2024 3:12:00 pm,958.3077000000001,,
09/27/2024 3:14:00 pm,944.7724499999999,,40.43122
09/27/2024 3:16:00 pm,953.49585,,
09/27/2024 3:20:00 pm,940.22595,,40.08512
09/27/2024 3:22:00 pm,957.9870374999999,,39.95171
09/27/2024 3:24:00 pm,939.952125,,39.43245
09/27/2024 3:26:00 pm,944.7828,,
09/27/2024 3:28:00 pm,950.444775,,
09/27/2024 3:30:00 pm,953.299575,,
09/27/2024 3:32:00 pm,958.3702499999999,,39.36432
09/27/2024 3:34:00 pm,959.3323499999999,,
09/27/2024 3:36:00 pm,961.1780249999999,,39.29555
09/27/2024 3:38:00 pm,958.0634249999999,,39.22572
09/27/2024 3:40:00 pm,959.2951499999999,,
09/27/2024 3:44:00 pm,960.45045,,
09/27/2024 3:46:00 pm,956.517,,
09/27/2024 3:48:00 pm,952.371525,,
09/27/2024 3:50:00 pm,949.0605,,
09/27/2024 3:52:00 pm,944.2104,,
09/27/2024 3:54:00 pm,944.9751749999999,,
09/27/2024 3:56:00 pm,946.1422499999999,937.5,
09/27/2024 3:58:00 pm,948.9366,,
09/27/2024 4:00:00 pm,947.31645,,39.22572
09/27/2024 4:02:00 pm,944.139225,,
09/27/2024 4:04:00 pm,937.24245,,
09/27/2024 4:08:00 pm,926.7605249999999,937.5,39.22572
09/27/2024 4:10:00 pm,900.5310000000001,,42.72912
09/27/2024 4:12:00 pm,927.0600749999999,,47.381
09/27/2024 4:14:00 pm,911.094225,,47.92273
09/27/2024 4:16:00 pm,913.3521,,48.24681
09/27/2024 4:18:00 pm,913.076925,,48.90091
09/27/2024 4:20:00 pm,925.2946000000005,,49.6301
09/27/2024 4:22:00 pm,911.9565749999999,,50.325765
09/27/2024 4:24:00 pm,925.1222250000001,,51.12919
09/27/2024 4:26:00 pm,925.703775,,52.244715
09/27/2024 4:28:00 pm,920.9865749999999,,53.043395
09/27/2024 4:32:00 pm,915.9309499999995,,54.4526833333333
09/27/2024 4:34:00 pm,916.9507500000001,,55.58806
09/27/2024 4:36:00 pm,916.65975,,55.839975
09/27/2024 4:38:00 pm,906.787875,,56.086665
09/27/2024 4:40:00 pm,932.964075,,56.2828
09/27/2024 4:42:00 pm,935.4833249999999,,
09/27/2024 4:44:00 pm,943.6647499999995,,
09/27/2024 4:46:00 pm,955.13805,,
09/27/2024 4:48:00 pm,961.5704250000001,,56.09819
09/27/2024 4:50:00 pm,973.858125,,52.428305
09/27/2024 4:54:00 pm,954.70605,,48.605575
09/27/2024 4:56:00 pm,953.1588,,48.43547
09/27/2024 4:58:00 pm,956.6657250000001,937.5,47.85824
09/27/2024 5:00:00 pm,954.3714,,47.85824
09/27/2024 5:02:00 pm,952.9121250000001,937.5,47.113705
09/27/2024 5:04:00 pm,954.9411,,
09/27/2024 5:06:00 pm,950.293725,,46.81947
09/27/2024 5:08:00 pm,947.7873499999996,,
09/27/2024 5:10:00 pm,950.34765,,
09/27/2024 5:12:00 pm,954.01035,,
09/27/2024 5:14:00 pm,951.1959749999999,,
09/27/2024 5:18:00 pm,946.6689000000001,,
09/27/2024 5:20:00 pm,932.7948,,
09/27/2024 5:22:00 pm,904.151325,,48.21845
09/27/2024 5:24:00 pm,899.881875,,54.52566
09/27/2024 5:26:00 pm,921.7515,,55.34916
09/27/2024 5:28:00 pm,919.5216,,
09/27/2024 5:30:00 pm,929.2315000000006,,
09/27/2024 5:32:00 pm,945.6212249999999,,
09/27/2024 5:34:00 pm,959.25495,,55.14641
09/27/2024 5:36:00 pm,970.5214500000001,,51.92103
09/27/2024 5:38:00 pm,959.09115,,47.68897
09/27/2024 5:42:00 pm,949.6369500000001,,47.55734
09/27/2024 5:44:00 pm,952.2086999999999,,
09/27/2024 5:46:00 pm,951.761625,,
09/27/2024 5:48:00 pm,947.961075,,
09/27/2024 5:50:00 pm,948.6414749999999,,
09/27/2024 5:52:00 pm,942.49395,,
09/27/2024 5:54:00 pm,927.6925000000006,,
09/27/2024 5:56:00 pm,914.14935,,
09/27/2024 5:58:00 pm,916.2987,,47.866325
09/27/2024 6:00:00 pm,936.4888500000001,,47.90311
09/27/2024 6:02:00 pm,957.1125000000001,937.5,46.85063
09/27/2024 6:06:00 pm,964.2055500000001,,46.567425
09/27/2024 6:08:00 pm,959.6413999999995,,45.9128866666667
09/27/2024 6:10:00 pm,955.799025,,
09/27/2024 6:12:00 pm,937.9286999999999,,
09/27/2024 6:14:00 pm,913.04025,,
09/27/2024 6:16:00 pm,894.7383,,50.46441
09/27/2024 6:18:00 pm,912.082725,,53.86887
09/27/2024 6:20:00 pm,919.1918249999999,,54.4593
09/27/2024 6:22:00 pm,922.563075,,
09/27/2024 6:24:00 pm,929.072625,,
09/27/2024 6:26:00 pm,933.566025,,
09/27/2024 6:30:00 pm,932.248125,,
09/27/2024 6:32:00 pm,936.5783500000006,,
09/27/2024 6:34:00 pm,939.1062749999999,,
09/27/2024 6:36:00 pm,938.6687999999999,,
09/27/2024 6:38:00 pm,943.07325,,
09/27/2024 6:40:00 pm,932.9037,,
09/27/2024 6:42:00 pm,938.2695499999995,,
09/27/2024 6:44:00 pm,948.86625,,
09/27/2024 6:46:00 pm,967.12995,,
09/27/2024 6:48:00 pm,973.4296499999999,,49.32618
09/27/2024 6:50:00 pm,945.6507,,46.3856
09/27/2024 6:54:00 pm,936.05115,,
09/27/2024 6:56:00 pm,904.361625,,48.56005
09/27/2024 6:58:00 pm,902.0946749999999,937.5,52.78593
09/27/2024 7:00:00 pm,919.0707,,54.83172
09/27/2024 7:02:00 pm,917.5561500000001,,55.593005
09/27/2024 7:04:00 pm,919.4856,937.5,56.7057
09/27/2024 7:06:00 pm,916.366275,,57.8542433333333
09/27/2024 7:08:00 pm,915.7458,,59.154405
09/27/2024 7:10:00 pm,915.7469249999999,,60.130025
09/27/2024 7:12:00 pm,907.843425,,60.911865
09/27/2024 7:16:00 pm,907.315425,,62.517355
09/27/2024 7:18:00 pm,914.6584499999999,,64.801125
09/27/2024 7:20:00 pm,912.4902000000001,,67.647
09/27/2024 7:22:00 pm,912.8544,,70.13951
09/27/2024 7:24:00 pm,907.3036500000001,,73.05599
09/27/2024 7:26:00 pm,907.9782,,76.91032
09/27/2024 7:28:00 pm,895.8529500000001,,83.05756
09/27/2024 7:30:00 pm,828.9341999999999,,98.25035
09/27/2024 7:32:00 pm,674.691975,,100.0
09/27/2024 7:34:00 pm,599.3493,,
09/27/2024 7:36:00 pm,550.697925,,
09/27/2024 7:40:00 pm,517.40805,,
09/27/2024 7:42:00 pm,482.5563499999995,,
09/27/2024 7:44:00 pm,466.936125,,
09/27/2024 7:46:00 pm,460.26817500000004,,
09/27/2024 7:48:00 pm,438.851325,,
09/27/2024 7:50:00 pm,415.12604999999996,,
09/27/2024 7:52:00 pm,381.31815,,
09/27/2024 7:54:00 pm,452.391075,,
09/27/2024 7:56:00 pm,428.3913,,
09/27/2024 7:58:00 pm,423.21375,937.5,100.0
09/27/2024 8:00:00 pm,414.59145,,
09/27/2024 8:04:00 pm,402.46004999999997,,
09/27/2024 8:06:00 pm,397.95599999999996,937.5,
09/27/2024 8:08:00 pm,398.33685,,100.0
09/27/2024 8:10:00 pm,377.95079999999996,,
09/27/2024 8:12:00 pm,383.65245000000004,,
09/27/2024 8:14:00 pm,391.7862,,
09/27/2024 8:16:00 pm,395.3787,,
09/27/2024 8:18:00 pm,398.76165,,
09/27/2024 8:20:00 pm,407.2419,,
09/27/2024 8:22:00 pm,402.52455,,
09/27/2024 8:24:00 pm,392.86514999999997,,
09/27/2024 8:28:00 pm,381.78885,,
09/27/2024 8:30:00 pm,380.1003,,
09/27/2024 8:32:00 pm,347.9451,,
09/27/2024 8:34:00 pm,365.62874999999997,,
09/27/2024 8:36:00 pm,379.21425,,
09/27/2024 8:38:00 pm,418.8198,,
09/27/2024 8:40:00 pm,413.71770000000004,,
09/27/2024 8:42:00 pm,398.35274999999996,,
09/27/2024 8:44:00 pm,410.229,,
09/27/2024 8:46:00 pm,365.99115,,
09/27/2024 8:48:00 pm,284.88075000000003,,
09/27/2024 8:52:00 pm,200.47395,,
09/27/2024 8:54:00 pm,0.0,,
09/27/2024 8:58:00 pm,0.0,,
09/27/2024 9:00:00 pm,374.8458,937.5,100.0
09/27/2024 9:02:00 pm,403.323,,100.0
09/27/2024 9:04:00 pm,427.81455,,
09/27/2024 9:06:00 pm,388.5762,,
09/27/2024 9:08:00 pm,293.153325,937.5,
09/27/2024 9:10:00 pm,318.507,,
09/27/2024 9:12:00 pm,317.5623,,
09/27/2024 9:16:00 pm,326.43179999999995,,
09/27/2024 9:18:00 pm,330.37755,,
09/27/2024 9:20:00 pm,309.9543,,
09/27/2024 9:22:00 pm,317.119275,,
09/27/2024 9:24:00 pm,304.5315,,
09/27/2024 9:26:00 pm,303.79184999999995,,
09/27/2024 9:28:00 pm,322.36305000000004,,
09/27/2024 9:30:00 pm,344.14485,,
09/27/2024 9:32:00 pm,334.89705000000004,,
09/27/2024 9:34:00 pm,346.7976,,
09/27/2024 9:38:00 pm,318.75239999999997,,
09/27/2024 9:40:00 pm,278.69775,,
09/27/2024 9:42:00 pm,252.12014999999997,,
09/27/2024 9:44:00 pm,265.57665,,
09/27/2024 9:46:00 pm,301.71405,,
09/27/2024 9:48:00 pm,313.77419999999995,,
09/27/2024 9:50:00 pm,339.24375,,
09/27/2024 9:52:00 pm,351.16125,,
09/27/2024 9:54:00 pm,352.7151,,
09/27/2024 9:56:00 pm,354.9246,,
09/27/2024 9:58:00 pm,336.81967499999996,,
09/27/2024 10:02:00 pm,314.188875,,
09/27/2024 10:04:00 pm,244.39395000000002,937.5,
09/27/2024 10:06:00 pm,195.53775,,100.0
09/27/2024 10:08:00 pm,143.639175,,
09/27/2024 10:10:00 pm,0.0,,
09/27/2024 10:58:00 pm,485.57655,,
09/27/2024 11:00:00 pm,1319.5638,,84.65874
09/27/2024 11:02:00 pm,986.5635,,45.90599
09/27/2024 11:04:00 pm,960.09735,,41.33995
09/27/2024 11:06:00 pm,955.3701000000001,,40.0016
09/27/2024 11:08:00 pm,946.357125,937.5,39.38061
09/27/2024 11:10:00 pm,958.2501,,
09/27/2024 11:14:00 pm,939.5262,,
09/27/2024 11:16:00 pm,920.03535,,
09/27/2024 11:18:00 pm,910.8331499999999,,39.44467
09/27/2024 11:20:00 pm,893.57325,,44.94934
09/27/2024 11:22:00 pm,918.87555,,47.17735
09/27/2024 11:24:00 pm,911.646,,
09/27/2024 11:26:00 pm,923.3184000000001,,47.32306
09/27/2024 11:28:00 pm,923.1659999999999,,
09/27/2024 11:30:00 pm,908.7574500000001,,47.51006
09/27/2024 11:32:00 pm,921.8973000000001,,48.01401
09/27/2024 11:34:00 pm,921.3706500000001,,
09/27/2024 11:38:00 pm,912.949875,,
09/27/2024 11:40:00 pm,918.3958999999994,,48.37188
09/27/2024 11:42:00 pm,912.7111500000001,,48.60088
09/27/2024 11:44:00 pm,926.3031,,48.90566
09/27/2024 11:46:00 pm,909.6883499999999,,
09/27/2024 11:48:00 pm,916.699125,,49.60638
09/27/2024 11:50:00 pm,917.4165,,49.92933
09/27/2024 11:52:00 pm,924.4542000000001,,50.38683
09/27/2024 11:54:00 pm,932.0254499999999,,50.85904
09/27/2024 11:56:00 pm,907.54755,,
09/27/2024 11:58:00 pm,912.618,,51.98303
09/28/2024 12:02:00 am,926.7763500000001,,52.90528
09/28/2024 12:04:00 am,918.26355,937.5,53.34816
09/28/2024 12:06:00 am,924.9214499999999,,
09/28/2024 12:08:00 am,1000.2040499999999,,49.93614
09/28/2024 12:10:00 am,955.6956,,43.39478
09/28/2024 12:12:00 am,951.5697,,41.87508
09/28/2024 12:14:00 am,954.882525,,41.29002
09/28/2024 12:16:00 am,956.0622000000001,,
09/28/2024 12:18:00 am,946.4667,,
09/28/2024 12:20:00 am,928.733475,,
09/28/2024 12:24:00 am,916.1485500000001,,41.3472
09/28/2024 12:26:00 am,900.8053499999999,,46.01093
09/28/2024 12:28:00 am,917.1559500000001,,49.05322
09/28/2024 12:30:00 am,914.0685000000001,,
09/28/2024 12:32:00 am,915.3568499999999,,
09/28/2024 12:34:00 am,913.6254000000001,,
09/28/2024 12:36:00 am,916.1613,,
09/28/2024 12:38:00 am,915.19545,,
09/28/2024 12:40:00 am,916.57185,,
09/28/2024 12:42:00 am,919.9798499999999,,
09/28/2024 12:44:00 am,921.9431999999999,,
09/28/2024 12:48:00 am,924.004725,,
09/28/2024 12:50:00 am,928.5967999999995,,
09/28/2024 12:52:00 am,928.9569000000001,,
09/28/2024 12:54:00 am,939.21135,,
09/28/2024 12:56:00 am,946.907025,,
09/28/2024 12:58:00 am,970.6459500000001,,47.87154
09/28/2024 1:00:00 am,959.4612,,40.92019
09/28/2024 1:02:00 am,956.6553000000001,,
09/28/2024 1:04:00 am,955.44165,,40.92019
09/28/2024 1:06:00 am,941.7334500000001,937.5,
09/28/2024 1:08:00 am,927.9633,,
09/28/2024 1:12:00 am,913.53495,,
09/28/2024 1:14:00 am,902.4417,,44.47962
09/28/2024 1:16:00 am,918.637875,,48.44
09/28/2024 1:18:00 am,917.9322,,
09/28/2024 1:20:00 am,913.1986499999999,,48.49812
09/28/2024 1:22:00 am,923.6348249999999,,48.833205
09/28/2024 1:24:00 am,927.8794999999994,,48.88832
09/28/2024 1:26:00 am,923.32755,,
09/28/2024 1:28:00 am,919.5474,,
09/28/2024 1:30:00 am,923.608575,,
09/28/2024 1:32:00 am,926.923275,,
09/28/2024 1:36:00 am,927.1592999999999,,
09/28/2024 1:38:00 am,932.31045,,
09/28/2024 1:40:00 am,932.5567500000001,,
09/28/2024 1:42:00 am,910.77435,,
09/28/2024 1:44:00 am,926.42955,,49.52337
09/28/2024 1:46:00 am,923.0866500000001,,
09/28/2024 1:48:00 am,923.78805,,49.95532
09/28/2024 1:50:00 am,914.4395999999999,,
09/28/2024 1:52:00 am,926.484225,,50.39902
09/28/2024 1:54:00 am,921.87345,,
09/28/2024 1:56:00 am,937.7922,,
09/28/2024 2:00:00 am,977.085075,,46.28712
09/28/2024 2:02:00 am,957.0733999999995,,42.05929
09/28/2024 2:04:00 am,961.03935,,41.82612
09/28/2024 2:06:00 am,934.87785,937.5,41.4185
09/28/2024 2:08:00 am,924.28515,,
09/28/2024 2:10:00 am,900.6984749999999,,43.046105
09/28/2024 2:12:00 am,900.8652750000001,,48.867195
09/28/2024 2:14:00 am,926.5191,,49.59498
09/28/2024 2:16:00 am,916.8684,,
09/28/2024 2:18:00 am,913.0017,,
09/28/2024 2:20:00 am,918.0609750000001,,49.96087
09/28/2024 2:24:00 am,925.9093500000001,,49.96087
09/28/2024 2:26:00 am,923.1256000000005,,
09/28/2024 2:28:00 am,920.300775,,
09/28/2024 2:30:00 am,915.426375,,
09/28/2024 2:32:00 am,915.14265,,
09/28/2024 2:34:00 am,913.229775,,
09/28/2024 2:36:00 am,909.8725499999999,,50.11483
09/28/2024 2:38:00 am,928.045425,,50.39293
09/28/2024 2:40:00 am,919.0062,,
09/28/2024 2:42:00 am,913.9266749999999,,
09/28/2024 2:46:00 am,917.8633500000001,,
09/28/2024 2:48:00 am,919.998975,,
09/28/2024 2:50:00 am,920.0259,,
09/28/2024 2:52:00 am,935.2626,,
09/28/2024 2:54:00 am,962.619375,,50.05862
09/28/2024 2:56:00 am,972.451125,,44.213025
09/28/2024 2:58:00 am,960.5873250000001,,42.100905
09/28/2024 3:00:00 am,951.8478499999995,,41.90306
09/28/2024 3:02:00 am,934.686825,,
09/28/2024 3:04:00 am,913.896,,
09/28/2024 3:06:00 am,901.3097250000001,937.5,44.20555
09/28/2024 3:10:00 am,918.4926,,49.818495
09/28/2024 3:12:00 am,915.021225,,49.9834
09/28/2024 3:14:00 am,911.91345,,
09/28/2024 3:16:00 am,920.1844999999994,,50.45132
09/28/2024 3:18:00 am,912.79845,,
09/28/2024 3:20:00 am,918.204525,,50.74205
09/28/2024 3:22:00 am,917.5998,,
09/28/2024 3:24:00 am,912.7824,,
09/28/2024 3:26:00 am,914.0413000000005,,
09/28/2024 3:28:00 am,916.763925,,
09/28/2024 3:30:00 am,917.7578250000001,,50.89099
09/28/2024 3:34:00 am,918.87765,,
09/28/2024 3:36:00 am,914.6832499999994,,
09/28/2024 3:38:00 am,913.8487499999999,,
09/28/2024 3:40:00 am,920.08095,,
09/28/2024 3:42:00 am,936.6873,,
09/28/2024 3:44:00 am,953.2320750000001,,
09/28/2024 3:46:00 am,986.7823500000001,,46.43881
09/28/2024 3:48:00 am,959.2126000000005,,42.62121
09/28/2024 3:50:00 am,959.61975,,
09/28/2024 3:52:00 am,954.16575,,
09/28/2024 3:54:00 am,934.56735,,
09/28/2024 3:58:00 am,918.0528,,
09/28/2024 4:00:00 am,910.8486,,46.369465
09/28/2024 4:02:00 am,925.3017,937.5,50.45331
09/28/2024 4:04:00 am,917.0031000000001,,
09/28/2024 4:06:00 am,908.373975,,50.67785
09/28/2024 4:08:00 am,925.033725,,50.88216
09/28/2024 4:10:00 am,925.1937499999995,,
09/28/2024 4:12:00 am,920.319825,,
09/28/2024 4:14:00 am,918.2741250000001,,
09/28/2024 4:16:00 am,921.5337750000001,,
09/28/2024 4:18:00 am,923.222775,,
09/28/2024 4:22:00 am,925.5795,,
09/28/2024 4:24:00 am,937.8505999999995,,
09/28/2024 4:26:00 am,952.9791749999999,,
09/28/2024 4:28:00 am,966.564525,,49.71196
09/28/2024 4:30:00 am,977.6084250000001,,43.368245
09/28/2024 4:32:00 am,959.1741749999999,,42.49827
09/28/2024 4:34:00 am,954.2092999999995,,42.26593
09/28/2024 4:36:00 am,934.8827999999999,,
09/28/2024 4:38:00 am,917.702475,,
09/28/2024 4:40:00 am,907.9943250000001,,43.13139
09/28/2024 4:42:00 am,903.941325,,48.690075
09/28/2024 4:46:00 am,919.321125,,50.25165
09/28/2024 4:48:00 am,925.7434000000005,,50.4106
09/28/2024 4:50:00 am,929.361975,,
09/28/2024 4:52:00 am,926.54745,,
09/28/2024 4:54:00 am,927.555075,,
09/28/2024 4:56:00 am,927.627,,
09/28/2024 4:58:00 am,934.1406,,
09/28/2024 5:00:00 am,932.5311,,
09/28/2024 5:02:00 am,934.9289999999999,937.5,50.4106
